subject,base,trial,plate,corner,x_mm,y_mm,z_mm
ID003,KIB,1,3,POSX_POSY,881.586969,582.143962,-22.814199
ID003,KIB,1,3,NEGX_POSY,883.545995,-8.73839,-24.3426
ID003,KIB,1,3,NEGX_NEGY,-10.6161,-9.97326,-25.508199
ID003,KIB,1,3,POSX_NEGY,-10.849399,583.590031,-24.071699
ID003,KIB,1,4,POSX_POSY,880.412996,1186.469913,-14.4678
ID003,KIB,1,4,NEGX_POSY,881.900012,592.586994,-22.5321
ID003,KIB,1,4,NEGX_NEGY,-10.309,592.67199,-24.0048
ID003,KIB,1,4,POSX_NEGY,-12.5899,1183.939934,-15.4844
ID003,KIB,2,3,POSX_POSY,881.586969,582.143962,-22.814199
ID003,KIB,2,3,NEGX_POSY,883.545995,-8.73839,-24.3426
ID003,KIB,2,3,NEGX_NEGY,-10.6161,-9.97326,-25.508199
ID003,KIB,2,3,POSX_NEGY,-10.849399,583.590031,-24.071699
ID003,KIB,2,4,POSX_POSY,880.412996,1186.469913,-14.4678
ID003,KIB,2,4,NEGX_POSY,881.900012,592.586994,-22.5321
ID003,KIB,2,4,NEGX_NEGY,-10.309,592.67199,-24.0048
ID003,KIB,2,4,POSX_NEGY,-12.5899,1183.939934,-15.4844
ID003,KIB,3,3,POSX_POSY,881.586969,582.143962,-22.814199
ID003,KIB,3,3,NEGX_POSY,883.545995,-8.73839,-24.3426
ID003,KIB,3,3,NEGX_NEGY,-10.6161,-9.97326,-25.508199
ID003,KIB,3,3,POSX_NEGY,-10.849399,583.590031,-24.071699
ID003,KIB,3,4,POSX_POSY,880.412996,1186.469913,-14.4678
ID003,KIB,3,4,NEGX_POSY,881.900012,592.586994,-22.5321
ID003,KIB,3,4,NEGX_NEGY,-10.309,592.67199,-24.0048
ID003,KIB,3,4,POSX_NEGY,-12.5899,1183.939934,-15.4844
ID003,KIB,4,3,POSX_POSY,881.586969,582.143962,-22.814199
ID003,KIB,4,3,NEGX_POSY,883.545995,-8.73839,-24.3426
ID003,KIB,4,3,NEGX_NEGY,-10.6161,-9.97326,-25.508199
ID003,KIB,4,3,POSX_NEGY,-10.849399,583.590031,-24.071699
ID003,KIB,4,4,POSX_POSY,880.412996,1186.469913,-14.4678
ID003,KIB,4,4,NEGX_POSY,881.900012,592.586994,-22.5321
ID003,KIB,4,4,NEGX_NEGY,-10.309,592.67199,-24.0048
ID003,KIB,4,4,POSX_NEGY,-12.5899,1183.939934,-15.4844
ID003,KIB,5,3,POSX_POSY,881.586969,582.143962,-22.814199
ID003,KIB,5,3,NEGX_POSY,883.545995,-8.73839,-24.3426
ID003,KIB,5,3,NEGX_NEGY,-10.6161,-9.97326,-25.508199
ID003,KIB,5,3,POSX_NEGY,-10.849399,583.590031,-24.071699
ID003,KIB,5,4,POSX_POSY,880.412996,1186.469913,-14.4678
ID003,KIB,5,4,NEGX_POSY,881.900012,592.586994,-22.5321
ID003,KIB,5,4,NEGX_NEGY,-10.309,592.67199,-24.0048
ID003,KIB,5,4,POSX_NEGY,-12.5899,1183.939934,-15.4844
ID003,KOK,1,3,POSX_POSY,881.586969,582.143962,-22.814199
ID003,KOK,1,3,NEGX_POSY,883.545995,-8.73839,-24.3426
ID003,KOK,1,3,NEGX_NEGY,-10.6161,-9.97326,-25.508199
ID003,KOK,1,3,POSX_NEGY,-10.849399,583.590031,-24.071699
ID003,KOK,1,4,POSX_POSY,880.412996,1186.469913,-14.4678
ID003,KOK,1,4,NEGX_POSY,881.900012,592.586994,-22.5321
ID003,KOK,1,4,NEGX_NEGY,-10.309,592.67199,-24.0048
ID003,KOK,1,4,POSX_NEGY,-12.5899,1183.939934,-15.4844
ID003,KOK,2,3,POSX_POSY,881.586969,582.143962,-22.814199
ID003,KOK,2,3,NEGX_POSY,883.545995,-8.73839,-24.3426
ID003,KOK,2,3,NEGX_NEGY,-10.6161,-9.97326,-25.508199
ID003,KOK,2,3,POSX_NEGY,-10.849399,583.590031,-24.071699
ID003,KOK,2,4,POSX_POSY,880.412996,1186.469913,-14.4678
ID003,KOK,2,4,NEGX_POSY,881.900012,592.586994,-22.5321
ID003,KOK,2,4,NEGX_NEGY,-10.309,592.67199,-24.0048
ID003,KOK,2,4,POSX_NEGY,-12.5899,1183.939934,-15.4844
ID003,KOK,3,4,POSX_POSY,880.412996,1186.469913,-14.4678
ID003,KOK,3,4,NEGX_POSY,881.900012,592.586994,-22.5321
ID003,KOK,3,4,NEGX_NEGY,-10.309,592.67199,-24.0048
ID003,KOK,3,4,POSX_NEGY,-12.5899,1183.939934,-15.4844
ID003,KOK,4,3,POSX_POSY,881.586969,582.143962,-22.814199
ID003,KOK,4,3,NEGX_POSY,883.545995,-8.73839,-24.3426
ID003,KOK,4,3,NEGX_NEGY,-10.6161,-9.97326,-25.508199
ID003,KOK,4,3,POSX_NEGY,-10.849399,583.590031,-24.071699
ID003,KOK,4,4,POSX_POSY,880.412996,1186.469913,-14.4678
ID003,KOK,4,4,NEGX_POSY,881.900012,592.586994,-22.5321
ID003,KOK,4,4,NEGX_NEGY,-10.309,592.67199,-24.0048
ID003,KOK,4,4,POSX_NEGY,-12.5899,1183.939934,-15.4844
ID003,KOK,5,3,POSX_POSY,881.586969,582.143962,-22.814199
ID003,KOK,5,3,NEGX_POSY,883.545995,-8.73839,-24.3426
ID003,KOK,5,3,NEGX_NEGY,-10.6161,-9.97326,-25.508199
ID003,KOK,5,3,POSX_NEGY,-10.849399,583.590031,-24.071699
ID003,KOK,5,4,POSX_POSY,880.412996,1186.469913,-14.4678
ID003,KOK,5,4,NEGX_POSY,881.900012,592.586994,-22.5321
ID003,KOK,5,4,NEGX_NEGY,-10.309,592.67199,-24.0048
ID003,KOK,5,4,POSX_NEGY,-12.5899,1183.939934,-15.4844
ID003,STATIC,1,3,POSX_POSY,881.586969,582.143962,-22.814199
ID003,STATIC,1,3,NEGX_POSY,883.545995,-8.73839,-24.3426
ID003,STATIC,1,3,NEGX_NEGY,-10.6161,-9.97326,-25.508199
ID003,STATIC,1,3,POSX_NEGY,-10.849399,583.590031,-24.071699
ID003,STATIC,1,4,POSX_POSY,880.412996,1186.469913,-14.4678
ID003,STATIC,1,4,NEGX_POSY,881.900012,592.586994,-22.5321
ID003,STATIC,1,4,NEGX_NEGY,-10.309,592.67199,-24.0048
ID003,STATIC,1,4,POSX_NEGY,-12.5899,1183.939934,-15.4844
ID003,ZEN,1,3,POSX_POSY,881.586969,582.143962,-22.814199
ID003,ZEN,1,3,NEGX_POSY,883.545995,-8.73839,-24.3426
ID003,ZEN,1,3,NEGX_NEGY,-10.6161,-9.97326,-25.508199
ID003,ZEN,1,3,POSX_NEGY,-10.849399,583.590031,-24.071699
ID003,ZEN,1,4,POSX_POSY,880.412996,1186.469913,-14.4678
ID003,ZEN,1,4,NEGX_POSY,881.900012,592.586994,-22.5321
ID003,ZEN,1,4,NEGX_NEGY,-10.309,592.67199,-24.0048
ID003,ZEN,1,4,POSX_NEGY,-12.5899,1183.939934,-15.4844
ID003,ZEN,2,3,POSX_POSY,881.586969,582.143962,-22.814199
ID003,ZEN,2,3,NEGX_POSY,883.545995,-8.73839,-24.3426
ID003,ZEN,2,3,NEGX_NEGY,-10.6161,-9.97326,-25.508199
ID003,ZEN,2,3,POSX_NEGY,-10.849399,583.590031,-24.071699
ID003,ZEN,2,4,POSX_POSY,880.412996,1186.469913,-14.4678
ID003,ZEN,2,4,NEGX_POSY,881.900012,592.586994,-22.5321
ID003,ZEN,2,4,NEGX_NEGY,-10.309,592.67199,-24.0048
ID003,ZEN,2,4,POSX_NEGY,-12.5899,1183.939934,-15.4844
ID003,ZEN,3,3,POSX_POSY,881.586969,582.143962,-22.814199
ID003,ZEN,3,3,NEGX_POSY,883.545995,-8.73839,-24.3426
ID003,ZEN,3,3,NEGX_NEGY,-10.6161,-9.97326,-25.508199
ID003,ZEN,3,3,POSX_NEGY,-10.849399,583.590031,-24.071699
ID003,ZEN,3,4,POSX_POSY,880.412996,1186.469913,-14.4678
ID003,ZEN,3,4,NEGX_POSY,881.900012,592.586994,-22.5321
ID003,ZEN,3,4,NEGX_NEGY,-10.309,592.67199,-24.0048
ID003,ZEN,3,4,POSX_NEGY,-12.5899,1183.939934,-15.4844
ID003,ZEN,4,3,POSX_POSY,881.586969,582.143962,-22.814199
ID003,ZEN,4,3,NEGX_POSY,883.545995,-8.73839,-24.3426
ID003,ZEN,4,3,NEGX_NEGY,-10.6161,-9.97326,-25.508199
ID003,ZEN,4,3,POSX_NEGY,-10.849399,583.590031,-24.071699
ID003,ZEN,4,4,POSX_POSY,880.412996,1186.469913,-14.4678
ID003,ZEN,4,4,NEGX_POSY,881.900012,592.586994,-22.5321
ID003,ZEN,4,4,NEGX_NEGY,-10.309,592.67199,-24.0048
ID003,ZEN,4,4,POSX_NEGY,-12.5899,1183.939934,-15.4844
ID003,ZEN,5,3,POSX_POSY,881.586969,582.143962,-22.814199
ID003,ZEN,5,3,NEGX_POSY,883.545995,-8.73839,-24.3426
ID003,ZEN,5,3,NEGX_NEGY,-10.6161,-9.97326,-25.508199
ID003,ZEN,5,3,POSX_NEGY,-10.849399,583.590031,-24.071699
ID003,ZEN,5,4,POSX_POSY,880.412996,1186.469913,-14.4678
ID003,ZEN,5,4,NEGX_POSY,881.900012,592.586994,-22.5321
ID003,ZEN,5,4,NEGX_NEGY,-10.309,592.67199,-24.0048
ID003,ZEN,5,4,POSX_NEGY,-12.5899,1183.939934,-15.4844
ID004,KIB,1,3,POSX_POSY,881.586969,582.143962,-22.814199
ID004,KIB,1,3,NEGX_POSY,883.545995,-8.73839,-24.3426
ID004,KIB,1,3,NEGX_NEGY,-10.6161,-9.97326,-25.508199
ID004,KIB,1,3,POSX_NEGY,-10.849399,583.590031,-24.071699
ID004,KIB,1,4,POSX_POSY,880.412996,1186.469913,-14.4678
ID004,KIB,1,4,NEGX_POSY,881.900012,592.586994,-22.5321
ID004,KIB,1,4,NEGX_NEGY,-10.309,592.67199,-24.0048
ID004,KIB,1,4,POSX_NEGY,-12.5899,1183.939934,-15.4844
ID004,KIB,2,3,POSX_POSY,881.586969,582.143962,-22.814199
ID004,KIB,2,3,NEGX_POSY,883.545995,-8.73839,-24.3426
ID004,KIB,2,3,NEGX_NEGY,-10.6161,-9.97326,-25.508199
ID004,KIB,2,3,POSX_NEGY,-10.849399,583.590031,-24.071699
ID004,KIB,2,4,POSX_POSY,880.412996,1186.469913,-14.4678
ID004,KIB,2,4,NEGX_POSY,881.900012,592.586994,-22.5321
ID004,KIB,2,4,NEGX_NEGY,-10.309,592.67199,-24.0048
ID004,KIB,2,4,POSX_NEGY,-12.5899,1183.939934,-15.4844
ID004,KIB,3,3,POSX_POSY,881.586969,582.143962,-22.814199
ID004,KIB,3,3,NEGX_POSY,883.545995,-8.73839,-24.3426
ID004,KIB,3,3,NEGX_NEGY,-10.6161,-9.97326,-25.508199
ID004,KIB,3,3,POSX_NEGY,-10.849399,583.590031,-24.071699
ID004,KIB,3,4,POSX_POSY,880.412996,1186.469913,-14.4678
ID004,KIB,3,4,NEGX_POSY,881.900012,592.586994,-22.5321
ID004,KIB,3,4,NEGX_NEGY,-10.309,592.67199,-24.0048
ID004,KIB,3,4,POSX_NEGY,-12.5899,1183.939934,-15.4844
ID004,KIB,4,3,POSX_POSY,881.586969,582.143962,-22.814199
ID004,KIB,4,3,NEGX_POSY,883.545995,-8.73839,-24.3426
ID004,KIB,4,3,NEGX_NEGY,-10.6161,-9.97326,-25.508199
ID004,KIB,4,3,POSX_NEGY,-10.849399,583.590031,-24.071699
ID004,KIB,4,4,POSX_POSY,880.412996,1186.469913,-14.4678
ID004,KIB,4,4,NEGX_POSY,881.900012,592.586994,-22.5321
ID004,KIB,4,4,NEGX_NEGY,-10.309,592.67199,-24.0048
ID004,KIB,4,4,POSX_NEGY,-12.5899,1183.939934,-15.4844
ID004,KIB,5,3,POSX_POSY,881.586969,582.143962,-22.814199
ID004,KIB,5,3,NEGX_POSY,883.545995,-8.73839,-24.3426
ID004,KIB,5,3,NEGX_NEGY,-10.6161,-9.97326,-25.508199
ID004,KIB,5,3,POSX_NEGY,-10.849399,583.590031,-24.071699
ID004,KIB,5,4,POSX_POSY,880.412996,1186.469913,-14.4678
ID004,KIB,5,4,NEGX_POSY,881.900012,592.586994,-22.5321
ID004,KIB,5,4,NEGX_NEGY,-10.309,592.67199,-24.0048
ID004,KIB,5,4,POSX_NEGY,-12.5899,1183.939934,-15.4844
ID004,KOK,1,3,POSX_POSY,881.586969,582.143962,-22.814199
ID004,KOK,1,3,NEGX_POSY,883.545995,-8.73839,-24.3426
ID004,KOK,1,3,NEGX_NEGY,-10.6161,-9.97326,-25.508199
ID004,KOK,1,3,POSX_NEGY,-10.849399,583.590031,-24.071699
ID004,KOK,1,4,POSX_POSY,880.412996,1186.469913,-14.4678
ID004,KOK,1,4,NEGX_POSY,881.900012,592.586994,-22.5321
ID004,KOK,1,4,NEGX_NEGY,-10.309,592.67199,-24.0048
ID004,KOK,1,4,POSX_NEGY,-12.5899,1183.939934,-15.4844
ID004,KOK,2,3,POSX_POSY,881.586969,582.143962,-22.814199
ID004,KOK,2,3,NEGX_POSY,883.545995,-8.73839,-24.3426
ID004,KOK,2,3,NEGX_NEGY,-10.6161,-9.97326,-25.508199
ID004,KOK,2,3,POSX_NEGY,-10.849399,583.590031,-24.071699
ID004,KOK,2,4,POSX_POSY,880.412996,1186.469913,-14.4678
ID004,KOK,2,4,NEGX_POSY,881.900012,592.586994,-22.5321
ID004,KOK,2,4,NEGX_NEGY,-10.309,592.67199,-24.0048
ID004,KOK,2,4,POSX_NEGY,-12.5899,1183.939934,-15.4844
ID004,KOK,3,3,POSX_POSY,881.586969,582.143962,-22.814199
ID004,KOK,3,3,NEGX_POSY,883.545995,-8.73839,-24.3426
ID004,KOK,3,3,NEGX_NEGY,-10.6161,-9.97326,-25.508199
ID004,KOK,3,3,POSX_NEGY,-10.849399,583.590031,-24.071699
ID004,KOK,3,4,POSX_POSY,880.412996,1186.469913,-14.4678
ID004,KOK,3,4,NEGX_POSY,881.900012,592.586994,-22.5321
ID004,KOK,3,4,NEGX_NEGY,-10.309,592.67199,-24.0048
ID004,KOK,3,4,POSX_NEGY,-12.5899,1183.939934,-15.4844
ID004,KOK,4,3,POSX_POSY,881.586969,582.143962,-22.814199
ID004,KOK,4,3,NEGX_POSY,883.545995,-8.73839,-24.3426
ID004,KOK,4,3,NEGX_NEGY,-10.6161,-9.97326,-25.508199
ID004,KOK,4,3,POSX_NEGY,-10.849399,583.590031,-24.071699
ID004,KOK,4,4,POSX_POSY,880.412996,1186.469913,-14.4678
ID004,KOK,4,4,NEGX_POSY,881.900012,592.586994,-22.5321
ID004,KOK,4,4,NEGX_NEGY,-10.309,592.67199,-24.0048
ID004,KOK,4,4,POSX_NEGY,-12.5899,1183.939934,-15.4844
ID004,KOK,5,3,POSX_POSY,881.586969,582.143962,-22.814199
ID004,KOK,5,3,NEGX_POSY,883.545995,-8.73839,-24.3426
ID004,KOK,5,3,NEGX_NEGY,-10.6161,-9.97326,-25.508199
ID004,KOK,5,3,POSX_NEGY,-10.849399,583.590031,-24.071699
ID004,KOK,5,4,POSX_POSY,880.412996,1186.469913,-14.4678
ID004,KOK,5,4,NEGX_POSY,881.900012,592.586994,-22.5321
ID004,KOK,5,4,NEGX_NEGY,-10.309,592.67199,-24.0048
ID004,KOK,5,4,POSX_NEGY,-12.5899,1183.939934,-15.4844
ID004,STATIC,1,3,POSX_POSY,881.586969,582.143962,-22.814199
ID004,STATIC,1,3,NEGX_POSY,883.545995,-8.73839,-24.3426
ID004,STATIC,1,3,NEGX_NEGY,-10.6161,-9.97326,-25.508199
ID004,STATIC,1,3,POSX_NEGY,-10.849399,583.590031,-24.071699
ID004,STATIC,1,4,POSX_POSY,880.412996,1186.469913,-14.4678
ID004,STATIC,1,4,NEGX_POSY,881.900012,592.586994,-22.5321
ID004,STATIC,1,4,NEGX_NEGY,-10.309,592.67199,-24.0048
ID004,STATIC,1,4,POSX_NEGY,-12.5899,1183.939934,-15.4844
ID004,ZEN,1,3,POSX_POSY,881.586969,582.143962,-22.814199
ID004,ZEN,1,3,NEGX_POSY,883.545995,-8.73839,-24.3426
ID004,ZEN,1,3,NEGX_NEGY,-10.6161,-9.97326,-25.508199
ID004,ZEN,1,3,POSX_NEGY,-10.849399,583.590031,-24.071699
ID004,ZEN,1,4,POSX_POSY,880.412996,1186.469913,-14.4678
ID004,ZEN,1,4,NEGX_POSY,881.900012,592.586994,-22.5321
ID004,ZEN,1,4,NEGX_NEGY,-10.309,592.67199,-24.0048
ID004,ZEN,1,4,POSX_NEGY,-12.5899,1183.939934,-15.4844
ID004,ZEN,2,3,POSX_POSY,881.586969,582.143962,-22.814199
ID004,ZEN,2,3,NEGX_POSY,883.545995,-8.73839,-24.3426
ID004,ZEN,2,3,NEGX_NEGY,-10.6161,-9.97326,-25.508199
ID004,ZEN,2,3,POSX_NEGY,-10.849399,583.590031,-24.071699
ID004,ZEN,2,4,POSX_POSY,880.412996,1186.469913,-14.4678
ID004,ZEN,2,4,NEGX_POSY,881.900012,592.586994,-22.5321
ID004,ZEN,2,4,NEGX_NEGY,-10.309,592.67199,-24.0048
ID004,ZEN,2,4,POSX_NEGY,-12.5899,1183.939934,-15.4844
ID004,ZEN,3,3,POSX_POSY,881.586969,582.143962,-22.814199
ID004,ZEN,3,3,NEGX_POSY,883.545995,-8.73839,-24.3426
ID004,ZEN,3,3,NEGX_NEGY,-10.6161,-9.97326,-25.508199
ID004,ZEN,3,3,POSX_NEGY,-10.849399,583.590031,-24.071699
ID004,ZEN,3,4,POSX_POSY,880.412996,1186.469913,-14.4678
ID004,ZEN,3,4,NEGX_POSY,881.900012,592.586994,-22.5321
ID004,ZEN,3,4,NEGX_NEGY,-10.309,592.67199,-24.0048
ID004,ZEN,3,4,POSX_NEGY,-12.5899,1183.939934,-15.4844
ID004,ZEN,4,3,POSX_POSY,881.586969,582.143962,-22.814199
ID004,ZEN,4,3,NEGX_POSY,883.545995,-8.73839,-24.3426
ID004,ZEN,4,3,NEGX_NEGY,-10.6161,-9.97326,-25.508199
ID004,ZEN,4,3,POSX_NEGY,-10.849399,583.590031,-24.071699
ID004,ZEN,4,4,POSX_POSY,880.412996,1186.469913,-14.4678
ID004,ZEN,4,4,NEGX_POSY,881.900012,592.586994,-22.5321
ID004,ZEN,4,4,NEGX_NEGY,-10.309,592.67199,-24.0048
ID004,ZEN,4,4,POSX_NEGY,-12.5899,1183.939934,-15.4844
ID004,ZEN,5,3,POSX_POSY,881.586969,582.143962,-22.814199
ID004,ZEN,5,3,NEGX_POSY,883.545995,-8.73839,-24.3426
ID004,ZEN,5,3,NEGX_NEGY,-10.6161,-9.97326,-25.508199
ID004,ZEN,5,3,POSX_NEGY,-10.849399,583.590031,-24.071699
ID004,ZEN,5,4,POSX_POSY,880.412996,1186.469913,-14.4678
ID004,ZEN,5,4,NEGX_POSY,881.900012,592.586994,-22.5321
ID004,ZEN,5,4,NEGX_NEGY,-10.309,592.67199,-24.0048
ID004,ZEN,5,4,POSX_NEGY,-12.5899,1183.939934,-15.4844
ID005,KIB,1,3,POSX_POSY,881.586969,582.143962,-22.814199
ID005,KIB,1,3,NEGX_POSY,883.545995,-8.73839,-24.3426
ID005,KIB,1,3,NEGX_NEGY,-10.6161,-9.97326,-25.508199
ID005,KIB,1,3,POSX_NEGY,-10.849399,583.590031,-24.071699
ID005,KIB,1,4,POSX_POSY,880.412996,1186.469913,-14.4678
ID005,KIB,1,4,NEGX_POSY,881.900012,592.586994,-22.5321
ID005,KIB,1,4,NEGX_NEGY,-10.309,592.67199,-24.0048
ID005,KIB,1,4,POSX_NEGY,-12.5899,1183.939934,-15.4844
ID005,KIB,2,3,POSX_POSY,881.586969,582.143962,-22.814199
ID005,KIB,2,3,NEGX_POSY,883.545995,-8.73839,-24.3426
ID005,KIB,2,3,NEGX_NEGY,-10.6161,-9.97326,-25.508199
ID005,KIB,2,3,POSX_NEGY,-10.849399,583.590031,-24.071699
ID005,KIB,2,4,POSX_POSY,880.412996,1186.469913,-14.4678
ID005,KIB,2,4,NEGX_POSY,881.900012,592.586994,-22.5321
ID005,KIB,2,4,NEGX_NEGY,-10.309,592.67199,-24.0048
ID005,KIB,2,4,POSX_NEGY,-12.5899,1183.939934,-15.4844
ID005,KIB,3,3,POSX_POSY,881.586969,582.143962,-22.814199
ID005,KIB,3,3,NEGX_POSY,883.545995,-8.73839,-24.3426
ID005,KIB,3,3,NEGX_NEGY,-10.6161,-9.97326,-25.508199
ID005,KIB,3,3,POSX_NEGY,-10.849399,583.590031,-24.071699
ID005,KIB,3,4,POSX_POSY,880.412996,1186.469913,-14.4678
ID005,KIB,3,4,NEGX_POSY,881.900012,592.586994,-22.5321
ID005,KIB,3,4,NEGX_NEGY,-10.309,592.67199,-24.0048
ID005,KIB,3,4,POSX_NEGY,-12.5899,1183.939934,-15.4844
ID005,KIB,4,3,POSX_POSY,881.586969,582.143962,-22.814199
ID005,KIB,4,3,NEGX_POSY,883.545995,-8.73839,-24.3426
ID005,KIB,4,3,NEGX_NEGY,-10.6161,-9.97326,-25.508199
ID005,KIB,4,3,POSX_NEGY,-10.849399,583.590031,-24.071699
ID005,KIB,4,4,POSX_POSY,880.412996,1186.469913,-14.4678
ID005,KIB,4,4,NEGX_POSY,881.900012,592.586994,-22.5321
ID005,KIB,4,4,NEGX_NEGY,-10.309,592.67199,-24.0048
ID005,KIB,4,4,POSX_NEGY,-12.5899,1183.939934,-15.4844
ID005,KIB,5,3,POSX_POSY,881.586969,582.143962,-22.814199
ID005,KIB,5,3,NEGX_POSY,883.545995,-8.73839,-24.3426
ID005,KIB,5,3,NEGX_NEGY,-10.6161,-9.97326,-25.508199
ID005,KIB,5,3,POSX_NEGY,-10.849399,583.590031,-24.071699
ID005,KIB,5,4,POSX_POSY,880.412996,1186.469913,-14.4678
ID005,KIB,5,4,NEGX_POSY,881.900012,592.586994,-22.5321
ID005,KIB,5,4,NEGX_NEGY,-10.309,592.67199,-24.0048
ID005,KIB,5,4,POSX_NEGY,-12.5899,1183.939934,-15.4844
ID005,KOK,1,3,POSX_POSY,881.586969,582.143962,-22.814199
ID005,KOK,1,3,NEGX_POSY,883.545995,-8.73839,-24.3426
ID005,KOK,1,3,NEGX_NEGY,-10.6161,-9.97326,-25.508199
ID005,KOK,1,3,POSX_NEGY,-10.849399,583.590031,-24.071699
ID005,KOK,1,4,POSX_POSY,880.412996,1186.469913,-14.4678
ID005,KOK,1,4,NEGX_POSY,881.900012,592.586994,-22.5321
ID005,KOK,1,4,NEGX_NEGY,-10.309,592.67199,-24.0048
ID005,KOK,1,4,POSX_NEGY,-12.5899,1183.939934,-15.4844
ID005,KOK,2,3,POSX_POSY,881.586969,582.143962,-22.814199
ID005,KOK,2,3,NEGX_POSY,883.545995,-8.73839,-24.3426
ID005,KOK,2,3,NEGX_NEGY,-10.6161,-9.97326,-25.508199
ID005,KOK,2,3,POSX_NEGY,-10.849399,583.590031,-24.071699
ID005,KOK,2,4,POSX_POSY,880.412996,1186.469913,-14.4678
ID005,KOK,2,4,NEGX_POSY,881.900012,592.586994,-22.5321
ID005,KOK,2,4,NEGX_NEGY,-10.309,592.67199,-24.0048
ID005,KOK,2,4,POSX_NEGY,-12.5899,1183.939934,-15.4844
ID005,KOK,3,3,POSX_POSY,881.586969,582.143962,-22.814199
ID005,KOK,3,3,NEGX_POSY,883.545995,-8.73839,-24.3426
ID005,KOK,3,3,NEGX_NEGY,-10.6161,-9.97326,-25.508199
ID005,KOK,3,3,POSX_NEGY,-10.849399,583.590031,-24.071699
ID005,KOK,3,4,POSX_POSY,880.412996,1186.469913,-14.4678
ID005,KOK,3,4,NEGX_POSY,881.900012,592.586994,-22.5321
ID005,KOK,3,4,NEGX_NEGY,-10.309,592.67199,-24.0048
ID005,KOK,3,4,POSX_NEGY,-12.5899,1183.939934,-15.4844
ID005,KOK,4,3,POSX_POSY,881.586969,582.143962,-22.814199
ID005,KOK,4,3,NEGX_POSY,883.545995,-8.73839,-24.3426
ID005,KOK,4,3,NEGX_NEGY,-10.6161,-9.97326,-25.508199
ID005,KOK,4,3,POSX_NEGY,-10.849399,583.590031,-24.071699
ID005,KOK,4,4,POSX_POSY,880.412996,1186.469913,-14.4678
ID005,KOK,4,4,NEGX_POSY,881.900012,592.586994,-22.5321
ID005,KOK,4,4,NEGX_NEGY,-10.309,592.67199,-24.0048
ID005,KOK,4,4,POSX_NEGY,-12.5899,1183.939934,-15.4844
ID005,KOK,5,3,POSX_POSY,881.586969,582.143962,-22.814199
ID005,KOK,5,3,NEGX_POSY,883.545995,-8.73839,-24.3426
ID005,KOK,5,3,NEGX_NEGY,-10.6161,-9.97326,-25.508199
ID005,KOK,5,3,POSX_NEGY,-10.849399,583.590031,-24.071699
ID005,KOK,5,4,POSX_POSY,880.412996,1186.469913,-14.4678
ID005,KOK,5,4,NEGX_POSY,881.900012,592.586994,-22.5321
ID005,KOK,5,4,NEGX_NEGY,-10.309,592.67199,-24.0048
ID005,KOK,5,4,POSX_NEGY,-12.5899,1183.939934,-15.4844
ID005,STATIC,1,3,POSX_POSY,881.586969,582.143962,-22.814199
ID005,STATIC,1,3,NEGX_POSY,883.545995,-8.73839,-24.3426
ID005,STATIC,1,3,NEGX_NEGY,-10.6161,-9.97326,-25.508199
ID005,STATIC,1,3,POSX_NEGY,-10.849399,583.590031,-24.071699
ID005,STATIC,1,4,POSX_POSY,880.412996,1186.469913,-14.4678
ID005,STATIC,1,4,NEGX_POSY,881.900012,592.586994,-22.5321
ID005,STATIC,1,4,NEGX_NEGY,-10.309,592.67199,-24.0048
ID005,STATIC,1,4,POSX_NEGY,-12.5899,1183.939934,-15.4844
ID005,ZEN,1,3,POSX_POSY,881.586969,582.143962,-22.814199
ID005,ZEN,1,3,NEGX_POSY,883.545995,-8.73839,-24.3426
ID005,ZEN,1,3,NEGX_NEGY,-10.6161,-9.97326,-25.508199
ID005,ZEN,1,3,POSX_NEGY,-10.849399,583.590031,-24.071699
ID005,ZEN,1,4,POSX_POSY,880.412996,1186.469913,-14.4678
ID005,ZEN,1,4,NEGX_POSY,881.900012,592.586994,-22.5321
ID005,ZEN,1,4,NEGX_NEGY,-10.309,592.67199,-24.0048
ID005,ZEN,1,4,POSX_NEGY,-12.5899,1183.939934,-15.4844
ID005,ZEN,2,3,POSX_POSY,881.586969,582.143962,-22.814199
ID005,ZEN,2,3,NEGX_POSY,883.545995,-8.73839,-24.3426
ID005,ZEN,2,3,NEGX_NEGY,-10.6161,-9.97326,-25.508199
ID005,ZEN,2,3,POSX_NEGY,-10.849399,583.590031,-24.071699
ID005,ZEN,2,4,POSX_POSY,880.412996,1186.469913,-14.4678
ID005,ZEN,2,4,NEGX_POSY,881.900012,592.586994,-22.5321
ID005,ZEN,2,4,NEGX_NEGY,-10.309,592.67199,-24.0048
ID005,ZEN,2,4,POSX_NEGY,-12.5899,1183.939934,-15.4844
ID005,ZEN,3,3,POSX_POSY,881.586969,582.143962,-22.814199
ID005,ZEN,3,3,NEGX_POSY,883.545995,-8.73839,-24.3426
ID005,ZEN,3,3,NEGX_NEGY,-10.6161,-9.97326,-25.508199
ID005,ZEN,3,3,POSX_NEGY,-10.849399,583.590031,-24.071699
ID005,ZEN,3,4,POSX_POSY,880.412996,1186.469913,-14.4678
ID005,ZEN,3,4,NEGX_POSY,881.900012,592.586994,-22.5321
ID005,ZEN,3,4,NEGX_NEGY,-10.309,592.67199,-24.0048
ID005,ZEN,3,4,POSX_NEGY,-12.5899,1183.939934,-15.4844
ID005,ZEN,4,3,POSX_POSY,881.586969,582.143962,-22.814199
ID005,ZEN,4,3,NEGX_POSY,883.545995,-8.73839,-24.3426
ID005,ZEN,4,3,NEGX_NEGY,-10.6161,-9.97326,-25.508199
ID005,ZEN,4,3,POSX_NEGY,-10.849399,583.590031,-24.071699
ID005,ZEN,4,4,POSX_POSY,880.412996,1186.469913,-14.4678
ID005,ZEN,4,4,NEGX_POSY,881.900012,592.586994,-22.5321
ID005,ZEN,4,4,NEGX_NEGY,-10.309,592.67199,-24.0048
ID005,ZEN,4,4,POSX_NEGY,-12.5899,1183.939934,-15.4844
ID005,ZEN,5,3,POSX_POSY,881.586969,582.143962,-22.814199
ID005,ZEN,5,3,NEGX_POSY,883.545995,-8.73839,-24.3426
ID005,ZEN,5,3,NEGX_NEGY,-10.6161,-9.97326,-25.508199
ID005,ZEN,5,3,POSX_NEGY,-10.849399,583.590031,-24.071699
ID005,ZEN,5,4,POSX_POSY,880.412996,1186.469913,-14.4678
ID005,ZEN,5,4,NEGX_POSY,881.900012,592.586994,-22.5321
ID005,ZEN,5,4,NEGX_NEGY,-10.309,592.67199,-24.0048
ID005,ZEN,5,4,POSX_NEGY,-12.5899,1183.939934,-15.4844
ID006,KIB,1,3,POSX_POSY,881.586969,582.143962,-22.814199
ID006,KIB,1,3,NEGX_POSY,883.545995,-8.73839,-24.3426
ID006,KIB,1,3,NEGX_NEGY,-10.6161,-9.97326,-25.508199
ID006,KIB,1,3,POSX_NEGY,-10.849399,583.590031,-24.071699
ID006,KIB,1,4,POSX_POSY,880.412996,1186.469913,-14.4678
ID006,KIB,1,4,NEGX_POSY,881.900012,592.586994,-22.5321
ID006,KIB,1,4,NEGX_NEGY,-10.309,592.67199,-24.0048
ID006,KIB,1,4,POSX_NEGY,-12.5899,1183.939934,-15.4844
ID006,KIB,2,3,POSX_POSY,881.586969,582.143962,-22.814199
ID006,KIB,2,3,NEGX_POSY,883.545995,-8.73839,-24.3426
ID006,KIB,2,3,NEGX_NEGY,-10.6161,-9.97326,-25.508199
ID006,KIB,2,3,POSX_NEGY,-10.849399,583.590031,-24.071699
ID006,KIB,2,4,POSX_POSY,880.412996,1186.469913,-14.4678
ID006,KIB,2,4,NEGX_POSY,881.900012,592.586994,-22.5321
ID006,KIB,2,4,NEGX_NEGY,-10.309,592.67199,-24.0048
ID006,KIB,2,4,POSX_NEGY,-12.5899,1183.939934,-15.4844
ID006,KIB,3,3,POSX_POSY,881.586969,582.143962,-22.814199
ID006,KIB,3,3,NEGX_POSY,883.545995,-8.73839,-24.3426
ID006,KIB,3,3,NEGX_NEGY,-10.6161,-9.97326,-25.508199
ID006,KIB,3,3,POSX_NEGY,-10.849399,583.590031,-24.071699
ID006,KIB,3,4,POSX_POSY,880.412996,1186.469913,-14.4678
ID006,KIB,3,4,NEGX_POSY,881.900012,592.586994,-22.5321
ID006,KIB,3,4,NEGX_NEGY,-10.309,592.67199,-24.0048
ID006,KIB,3,4,POSX_NEGY,-12.5899,1183.939934,-15.4844
ID006,KIB,4,3,POSX_POSY,881.586969,582.143962,-22.814199
ID006,KIB,4,3,NEGX_POSY,883.545995,-8.73839,-24.3426
ID006,KIB,4,3,NEGX_NEGY,-10.6161,-9.97326,-25.508199
ID006,KIB,4,3,POSX_NEGY,-10.849399,583.590031,-24.071699
ID006,KIB,4,4,POSX_POSY,880.412996,1186.469913,-14.4678
ID006,KIB,4,4,NEGX_POSY,881.900012,592.586994,-22.5321
ID006,KIB,4,4,NEGX_NEGY,-10.309,592.67199,-24.0048
ID006,KIB,4,4,POSX_NEGY,-12.5899,1183.939934,-15.4844
ID006,KIB,5,3,POSX_POSY,881.586969,582.143962,-22.814199
ID006,KIB,5,3,NEGX_POSY,883.545995,-8.73839,-24.3426
ID006,KIB,5,3,NEGX_NEGY,-10.6161,-9.97326,-25.508199
ID006,KIB,5,3,POSX_NEGY,-10.849399,583.590031,-24.071699
ID006,KIB,5,4,POSX_POSY,880.412996,1186.469913,-14.4678
ID006,KIB,5,4,NEGX_POSY,881.900012,592.586994,-22.5321
ID006,KIB,5,4,NEGX_NEGY,-10.309,592.67199,-24.0048
ID006,KIB,5,4,POSX_NEGY,-12.5899,1183.939934,-15.4844
ID006,KOK,1,3,POSX_POSY,881.586969,582.143962,-22.814199
ID006,KOK,1,3,NEGX_POSY,883.545995,-8.73839,-24.3426
ID006,KOK,1,3,NEGX_NEGY,-10.6161,-9.97326,-25.508199
ID006,KOK,1,3,POSX_NEGY,-10.849399,583.590031,-24.071699
ID006,KOK,1,4,POSX_POSY,880.412996,1186.469913,-14.4678
ID006,KOK,1,4,NEGX_POSY,881.900012,592.586994,-22.5321
ID006,KOK,1,4,NEGX_NEGY,-10.309,592.67199,-24.0048
ID006,KOK,1,4,POSX_NEGY,-12.5899,1183.939934,-15.4844
ID006,KOK,2,3,POSX_POSY,881.586969,582.143962,-22.814199
ID006,KOK,2,3,NEGX_POSY,883.545995,-8.73839,-24.3426
ID006,KOK,2,3,NEGX_NEGY,-10.6161,-9.97326,-25.508199
ID006,KOK,2,3,POSX_NEGY,-10.849399,583.590031,-24.071699
ID006,KOK,2,4,POSX_POSY,880.412996,1186.469913,-14.4678
ID006,KOK,2,4,NEGX_POSY,881.900012,592.586994,-22.5321
ID006,KOK,2,4,NEGX_NEGY,-10.309,592.67199,-24.0048
ID006,KOK,2,4,POSX_NEGY,-12.5899,1183.939934,-15.4844
ID006,KOK,3,3,POSX_POSY,881.586969,582.143962,-22.814199
ID006,KOK,3,3,NEGX_POSY,883.545995,-8.73839,-24.3426
ID006,KOK,3,3,NEGX_NEGY,-10.6161,-9.97326,-25.508199
ID006,KOK,3,3,POSX_NEGY,-10.849399,583.590031,-24.071699
ID006,KOK,3,4,POSX_POSY,880.412996,1186.469913,-14.4678
ID006,KOK,3,4,NEGX_POSY,881.900012,592.586994,-22.5321
ID006,KOK,3,4,NEGX_NEGY,-10.309,592.67199,-24.0048
ID006,KOK,3,4,POSX_NEGY,-12.5899,1183.939934,-15.4844
ID006,KOK,4,3,POSX_POSY,881.586969,582.143962,-22.814199
ID006,KOK,4,3,NEGX_POSY,883.545995,-8.73839,-24.3426
ID006,KOK,4,3,NEGX_NEGY,-10.6161,-9.97326,-25.508199
ID006,KOK,4,3,POSX_NEGY,-10.849399,583.590031,-24.071699
ID006,KOK,4,4,POSX_POSY,880.412996,1186.469913,-14.4678
ID006,KOK,4,4,NEGX_POSY,881.900012,592.586994,-22.5321
ID006,KOK,4,4,NEGX_NEGY,-10.309,592.67199,-24.0048
ID006,KOK,4,4,POSX_NEGY,-12.5899,1183.939934,-15.4844
ID006,KOK,5,3,POSX_POSY,881.586969,582.143962,-22.814199
ID006,KOK,5,3,NEGX_POSY,883.545995,-8.73839,-24.3426
ID006,KOK,5,3,NEGX_NEGY,-10.6161,-9.97326,-25.508199
ID006,KOK,5,3,POSX_NEGY,-10.849399,583.590031,-24.071699
ID006,KOK,5,4,POSX_POSY,880.412996,1186.469913,-14.4678
ID006,KOK,5,4,NEGX_POSY,881.900012,592.586994,-22.5321
ID006,KOK,5,4,NEGX_NEGY,-10.309,592.67199,-24.0048
ID006,KOK,5,4,POSX_NEGY,-12.5899,1183.939934,-15.4844
ID006,STATIC,1,3,POSX_POSY,881.586969,582.143962,-22.814199
ID006,STATIC,1,3,NEGX_POSY,883.545995,-8.73839,-24.3426
ID006,STATIC,1,3,NEGX_NEGY,-10.6161,-9.97326,-25.508199
ID006,STATIC,1,3,POSX_NEGY,-10.849399,583.590031,-24.071699
ID006,STATIC,1,4,POSX_POSY,880.412996,1186.469913,-14.4678
ID006,STATIC,1,4,NEGX_POSY,881.900012,592.586994,-22.5321
ID006,STATIC,1,4,NEGX_NEGY,-10.309,592.67199,-24.0048
ID006,STATIC,1,4,POSX_NEGY,-12.5899,1183.939934,-15.4844
ID006,ZEN,1,3,POSX_POSY,881.586969,582.143962,-22.814199
ID006,ZEN,1,3,NEGX_POSY,883.545995,-8.73839,-24.3426
ID006,ZEN,1,3,NEGX_NEGY,-10.6161,-9.97326,-25.508199
ID006,ZEN,1,3,POSX_NEGY,-10.849399,583.590031,-24.071699
ID006,ZEN,1,4,POSX_POSY,880.412996,1186.469913,-14.4678
ID006,ZEN,1,4,NEGX_POSY,881.900012,592.586994,-22.5321
ID006,ZEN,1,4,NEGX_NEGY,-10.309,592.67199,-24.0048
ID006,ZEN,1,4,POSX_NEGY,-12.5899,1183.939934,-15.4844
ID006,ZEN,2,3,POSX_POSY,881.586969,582.143962,-22.814199
ID006,ZEN,2,3,NEGX_POSY,883.545995,-8.73839,-24.3426
ID006,ZEN,2,3,NEGX_NEGY,-10.6161,-9.97326,-25.508199
ID006,ZEN,2,3,POSX_NEGY,-10.849399,583.590031,-24.071699
ID006,ZEN,2,4,POSX_POSY,880.412996,1186.469913,-14.4678
ID006,ZEN,2,4,NEGX_POSY,881.900012,592.586994,-22.5321
ID006,ZEN,2,4,NEGX_NEGY,-10.309,592.67199,-24.0048
ID006,ZEN,2,4,POSX_NEGY,-12.5899,1183.939934,-15.4844
ID006,ZEN,3,3,POSX_POSY,881.586969,582.143962,-22.814199
ID006,ZEN,3,3,NEGX_POSY,883.545995,-8.73839,-24.3426
ID006,ZEN,3,3,NEGX_NEGY,-10.6161,-9.97326,-25.508199
ID006,ZEN,3,3,POSX_NEGY,-10.849399,583.590031,-24.071699
ID006,ZEN,3,4,POSX_POSY,880.412996,1186.469913,-14.4678
ID006,ZEN,3,4,NEGX_POSY,881.900012,592.586994,-22.5321
ID006,ZEN,3,4,NEGX_NEGY,-10.309,592.67199,-24.0048
ID006,ZEN,3,4,POSX_NEGY,-12.5899,1183.939934,-15.4844
ID006,ZEN,4,3,POSX_POSY,881.586969,582.143962,-22.814199
ID006,ZEN,4,3,NEGX_POSY,883.545995,-8.73839,-24.3426
ID006,ZEN,4,3,NEGX_NEGY,-10.6161,-9.97326,-25.508199
ID006,ZEN,4,3,POSX_NEGY,-10.849399,583.590031,-24.071699
ID006,ZEN,4,4,POSX_POSY,880.412996,1186.469913,-14.4678
ID006,ZEN,4,4,NEGX_POSY,881.900012,592.586994,-22.5321
ID006,ZEN,4,4,NEGX_NEGY,-10.309,592.67199,-24.0048
ID006,ZEN,4,4,POSX_NEGY,-12.5899,1183.939934,-15.4844
ID006,ZEN,5,3,POSX_POSY,881.586969,582.143962,-22.814199
ID006,ZEN,5,3,NEGX_POSY,883.545995,-8.73839,-24.3426
ID006,ZEN,5,3,NEGX_NEGY,-10.6161,-9.97326,-25.508199
ID006,ZEN,5,3,POSX_NEGY,-10.849399,583.590031,-24.071699
ID006,ZEN,5,4,POSX_POSY,880.412996,1186.469913,-14.4678
ID006,ZEN,5,4,NEGX_POSY,881.900012,592.586994,-22.5321
ID006,ZEN,5,4,NEGX_NEGY,-10.309,592.67199,-24.0048
ID006,ZEN,5,4,POSX_NEGY,-12.5899,1183.939934,-15.4844
ID007,KIB,1,3,POSX_POSY,881.586969,582.143962,-22.814199
ID007,KIB,1,3,NEGX_POSY,883.545995,-8.73839,-24.3426
ID007,KIB,1,3,NEGX_NEGY,-10.6161,-9.97326,-25.508199
ID007,KIB,1,3,POSX_NEGY,-10.849399,583.590031,-24.071699
ID007,KIB,1,4,POSX_POSY,880.412996,1186.469913,-14.4678
ID007,KIB,1,4,NEGX_POSY,881.900012,592.586994,-22.5321
ID007,KIB,1,4,NEGX_NEGY,-10.309,592.67199,-24.0048
ID007,KIB,1,4,POSX_NEGY,-12.5899,1183.939934,-15.4844
ID007,KIB,2,3,POSX_POSY,881.586969,582.143962,-22.814199
ID007,KIB,2,3,NEGX_POSY,883.545995,-8.73839,-24.3426
ID007,KIB,2,3,NEGX_NEGY,-10.6161,-9.97326,-25.508199
ID007,KIB,2,3,POSX_NEGY,-10.849399,583.590031,-24.071699
ID007,KIB,2,4,POSX_POSY,880.412996,1186.469913,-14.4678
ID007,KIB,2,4,NEGX_POSY,881.900012,592.586994,-22.5321
ID007,KIB,2,4,NEGX_NEGY,-10.309,592.67199,-24.0048
ID007,KIB,2,4,POSX_NEGY,-12.5899,1183.939934,-15.4844
ID007,KIB,3,3,POSX_POSY,881.586969,582.143962,-22.814199
ID007,KIB,3,3,NEGX_POSY,883.545995,-8.73839,-24.3426
ID007,KIB,3,3,NEGX_NEGY,-10.6161,-9.97326,-25.508199
ID007,KIB,3,3,POSX_NEGY,-10.849399,583.590031,-24.071699
ID007,KIB,3,4,POSX_POSY,880.412996,1186.469913,-14.4678
ID007,KIB,3,4,NEGX_POSY,881.900012,592.586994,-22.5321
ID007,KIB,3,4,NEGX_NEGY,-10.309,592.67199,-24.0048
ID007,KIB,3,4,POSX_NEGY,-12.5899,1183.939934,-15.4844
ID007,KIB,4,3,POSX_POSY,881.586969,582.143962,-22.814199
ID007,KIB,4,3,NEGX_POSY,883.545995,-8.73839,-24.3426
ID007,KIB,4,3,NEGX_NEGY,-10.6161,-9.97326,-25.508199
ID007,KIB,4,3,POSX_NEGY,-10.849399,583.590031,-24.071699
ID007,KIB,4,4,POSX_POSY,880.412996,1186.469913,-14.4678
ID007,KIB,4,4,NEGX_POSY,881.900012,592.586994,-22.5321
ID007,KIB,4,4,NEGX_NEGY,-10.309,592.67199,-24.0048
ID007,KIB,4,4,POSX_NEGY,-12.5899,1183.939934,-15.4844
ID007,KIB,5,3,POSX_POSY,881.586969,582.143962,-22.814199
ID007,KIB,5,3,NEGX_POSY,883.545995,-8.73839,-24.3426
ID007,KIB,5,3,NEGX_NEGY,-10.6161,-9.97326,-25.508199
ID007,KIB,5,3,POSX_NEGY,-10.849399,583.590031,-24.071699
ID007,KIB,5,4,POSX_POSY,880.412996,1186.469913,-14.4678
ID007,KIB,5,4,NEGX_POSY,881.900012,592.586994,-22.5321
ID007,KIB,5,4,NEGX_NEGY,-10.309,592.67199,-24.0048
ID007,KIB,5,4,POSX_NEGY,-12.5899,1183.939934,-15.4844
ID007,KOK,1,3,POSX_POSY,881.586969,582.143962,-22.814199
ID007,KOK,1,3,NEGX_POSY,883.545995,-8.73839,-24.3426
ID007,KOK,1,3,NEGX_NEGY,-10.6161,-9.97326,-25.508199
ID007,KOK,1,3,POSX_NEGY,-10.849399,583.590031,-24.071699
ID007,KOK,1,4,POSX_POSY,880.412996,1186.469913,-14.4678
ID007,KOK,1,4,NEGX_POSY,881.900012,592.586994,-22.5321
ID007,KOK,1,4,NEGX_NEGY,-10.309,592.67199,-24.0048
ID007,KOK,1,4,POSX_NEGY,-12.5899,1183.939934,-15.4844
ID007,KOK,2,3,POSX_POSY,881.586969,582.143962,-22.814199
ID007,KOK,2,3,NEGX_POSY,883.545995,-8.73839,-24.3426
ID007,KOK,2,3,NEGX_NEGY,-10.6161,-9.97326,-25.508199
ID007,KOK,2,3,POSX_NEGY,-10.849399,583.590031,-24.071699
ID007,KOK,2,4,POSX_POSY,880.412996,1186.469913,-14.4678
ID007,KOK,2,4,NEGX_POSY,881.900012,592.586994,-22.5321
ID007,KOK,2,4,NEGX_NEGY,-10.309,592.67199,-24.0048
ID007,KOK,2,4,POSX_NEGY,-12.5899,1183.939934,-15.4844
ID007,KOK,3,3,POSX_POSY,881.586969,582.143962,-22.814199
ID007,KOK,3,3,NEGX_POSY,883.545995,-8.73839,-24.3426
ID007,KOK,3,3,NEGX_NEGY,-10.6161,-9.97326,-25.508199
ID007,KOK,3,3,POSX_NEGY,-10.849399,583.590031,-24.071699
ID007,KOK,3,4,POSX_POSY,880.412996,1186.469913,-14.4678
ID007,KOK,3,4,NEGX_POSY,881.900012,592.586994,-22.5321
ID007,KOK,3,4,NEGX_NEGY,-10.309,592.67199,-24.0048
ID007,KOK,3,4,POSX_NEGY,-12.5899,1183.939934,-15.4844
ID007,KOK,4,3,POSX_POSY,881.586969,582.143962,-22.814199
ID007,KOK,4,3,NEGX_POSY,883.545995,-8.73839,-24.3426
ID007,KOK,4,3,NEGX_NEGY,-10.6161,-9.97326,-25.508199
ID007,KOK,4,3,POSX_NEGY,-10.849399,583.590031,-24.071699
ID007,KOK,4,4,POSX_POSY,880.412996,1186.469913,-14.4678
ID007,KOK,4,4,NEGX_POSY,881.900012,592.586994,-22.5321
ID007,KOK,4,4,NEGX_NEGY,-10.309,592.67199,-24.0048
ID007,KOK,4,4,POSX_NEGY,-12.5899,1183.939934,-15.4844
ID007,KOK,5,3,POSX_POSY,881.586969,582.143962,-22.814199
ID007,KOK,5,3,NEGX_POSY,883.545995,-8.73839,-24.3426
ID007,KOK,5,3,NEGX_NEGY,-10.6161,-9.97326,-25.508199
ID007,KOK,5,3,POSX_NEGY,-10.849399,583.590031,-24.071699
ID007,KOK,5,4,POSX_POSY,880.412996,1186.469913,-14.4678
ID007,KOK,5,4,NEGX_POSY,881.900012,592.586994,-22.5321
ID007,KOK,5,4,NEGX_NEGY,-10.309,592.67199,-24.0048
ID007,KOK,5,4,POSX_NEGY,-12.5899,1183.939934,-15.4844
ID007,STATIC,1,3,POSX_POSY,881.586969,582.143962,-22.814199
ID007,STATIC,1,3,NEGX_POSY,883.545995,-8.73839,-24.3426
ID007,STATIC,1,3,NEGX_NEGY,-10.6161,-9.97326,-25.508199
ID007,STATIC,1,3,POSX_NEGY,-10.849399,583.590031,-24.071699
ID007,STATIC,1,4,POSX_POSY,880.412996,1186.469913,-14.4678
ID007,STATIC,1,4,NEGX_POSY,881.900012,592.586994,-22.5321
ID007,STATIC,1,4,NEGX_NEGY,-10.309,592.67199,-24.0048
ID007,STATIC,1,4,POSX_NEGY,-12.5899,1183.939934,-15.4844
ID007,ZEN,1,3,POSX_POSY,881.586969,582.143962,-22.814199
ID007,ZEN,1,3,NEGX_POSY,883.545995,-8.73839,-24.3426
ID007,ZEN,1,3,NEGX_NEGY,-10.6161,-9.97326,-25.508199
ID007,ZEN,1,3,POSX_NEGY,-10.849399,583.590031,-24.071699
ID007,ZEN,1,4,POSX_POSY,880.412996,1186.469913,-14.4678
ID007,ZEN,1,4,NEGX_POSY,881.900012,592.586994,-22.5321
ID007,ZEN,1,4,NEGX_NEGY,-10.309,592.67199,-24.0048
ID007,ZEN,1,4,POSX_NEGY,-12.5899,1183.939934,-15.4844
ID007,ZEN,2,3,POSX_POSY,881.586969,582.143962,-22.814199
ID007,ZEN,2,3,NEGX_POSY,883.545995,-8.73839,-24.3426
ID007,ZEN,2,3,NEGX_NEGY,-10.6161,-9.97326,-25.508199
ID007,ZEN,2,3,POSX_NEGY,-10.849399,583.590031,-24.071699
ID007,ZEN,2,4,POSX_POSY,880.412996,1186.469913,-14.4678
ID007,ZEN,2,4,NEGX_POSY,881.900012,592.586994,-22.5321
ID007,ZEN,2,4,NEGX_NEGY,-10.309,592.67199,-24.0048
ID007,ZEN,2,4,POSX_NEGY,-12.5899,1183.939934,-15.4844
ID007,ZEN,3,3,POSX_POSY,881.586969,582.143962,-22.814199
ID007,ZEN,3,3,NEGX_POSY,883.545995,-8.73839,-24.3426
ID007,ZEN,3,3,NEGX_NEGY,-10.6161,-9.97326,-25.508199
ID007,ZEN,3,3,POSX_NEGY,-10.849399,583.590031,-24.071699
ID007,ZEN,3,4,POSX_POSY,880.412996,1186.469913,-14.4678
ID007,ZEN,3,4,NEGX_POSY,881.900012,592.586994,-22.5321
ID007,ZEN,3,4,NEGX_NEGY,-10.309,592.67199,-24.0048
ID007,ZEN,3,4,POSX_NEGY,-12.5899,1183.939934,-15.4844
ID007,ZEN,4,3,POSX_POSY,881.586969,582.143962,-22.814199
ID007,ZEN,4,3,NEGX_POSY,883.545995,-8.73839,-24.3426
ID007,ZEN,4,3,NEGX_NEGY,-10.6161,-9.97326,-25.508199
ID007,ZEN,4,3,POSX_NEGY,-10.849399,583.590031,-24.071699
ID007,ZEN,4,4,POSX_POSY,880.412996,1186.469913,-14.4678
ID007,ZEN,4,4,NEGX_POSY,881.900012,592.586994,-22.5321
ID007,ZEN,4,4,NEGX_NEGY,-10.309,592.67199,-24.0048
ID007,ZEN,4,4,POSX_NEGY,-12.5899,1183.939934,-15.4844
ID007,ZEN,5,3,POSX_POSY,881.586969,582.143962,-22.814199
ID007,ZEN,5,3,NEGX_POSY,883.545995,-8.73839,-24.3426
ID007,ZEN,5,3,NEGX_NEGY,-10.6161,-9.97326,-25.508199
ID007,ZEN,5,3,POSX_NEGY,-10.849399,583.590031,-24.071699
ID007,ZEN,5,4,POSX_POSY,880.412996,1186.469913,-14.4678
ID007,ZEN,5,4,NEGX_POSY,881.900012,592.586994,-22.5321
ID007,ZEN,5,4,NEGX_NEGY,-10.309,592.67199,-24.0048
ID007,ZEN,5,4,POSX_NEGY,-12.5899,1183.939934,-15.4844
ID008,KIB,1,3,POSX_POSY,881.586969,582.143962,-22.814199
ID008,KIB,1,3,NEGX_POSY,883.545995,-8.73839,-24.3426
ID008,KIB,1,3,NEGX_NEGY,-10.6161,-9.97326,-25.508199
ID008,KIB,1,3,POSX_NEGY,-10.849399,583.590031,-24.071699
ID008,KIB,1,4,POSX_POSY,880.412996,1186.469913,-14.4678
ID008,KIB,1,4,NEGX_POSY,881.900012,592.586994,-22.5321
ID008,KIB,1,4,NEGX_NEGY,-10.309,592.67199,-24.0048
ID008,KIB,1,4,POSX_NEGY,-12.5899,1183.939934,-15.4844
ID008,KIB,2,3,POSX_POSY,881.586969,582.143962,-22.814199
ID008,KIB,2,3,NEGX_POSY,883.545995,-8.73839,-24.3426
ID008,KIB,2,3,NEGX_NEGY,-10.6161,-9.97326,-25.508199
ID008,KIB,2,3,POSX_NEGY,-10.849399,583.590031,-24.071699
ID008,KIB,2,4,POSX_POSY,880.412996,1186.469913,-14.4678
ID008,KIB,2,4,NEGX_POSY,881.900012,592.586994,-22.5321
ID008,KIB,2,4,NEGX_NEGY,-10.309,592.67199,-24.0048
ID008,KIB,2,4,POSX_NEGY,-12.5899,1183.939934,-15.4844
ID008,KIB,3,3,POSX_POSY,881.586969,582.143962,-22.814199
ID008,KIB,3,3,NEGX_POSY,883.545995,-8.73839,-24.3426
ID008,KIB,3,3,NEGX_NEGY,-10.6161,-9.97326,-25.508199
ID008,KIB,3,3,POSX_NEGY,-10.849399,583.590031,-24.071699
ID008,KIB,3,4,POSX_POSY,880.412996,1186.469913,-14.4678
ID008,KIB,3,4,NEGX_POSY,881.900012,592.586994,-22.5321
ID008,KIB,3,4,NEGX_NEGY,-10.309,592.67199,-24.0048
ID008,KIB,3,4,POSX_NEGY,-12.5899,1183.939934,-15.4844
ID008,KIB,4,3,POSX_POSY,881.586969,582.143962,-22.814199
ID008,KIB,4,3,NEGX_POSY,883.545995,-8.73839,-24.3426
ID008,KIB,4,3,NEGX_NEGY,-10.6161,-9.97326,-25.508199
ID008,KIB,4,3,POSX_NEGY,-10.849399,583.590031,-24.071699
ID008,KIB,4,4,POSX_POSY,880.412996,1186.469913,-14.4678
ID008,KIB,4,4,NEGX_POSY,881.900012,592.586994,-22.5321
ID008,KIB,4,4,NEGX_NEGY,-10.309,592.67199,-24.0048
ID008,KIB,4,4,POSX_NEGY,-12.5899,1183.939934,-15.4844
ID008,KIB,5,3,POSX_POSY,881.586969,582.143962,-22.814199
ID008,KIB,5,3,NEGX_POSY,883.545995,-8.73839,-24.3426
ID008,KIB,5,3,NEGX_NEGY,-10.6161,-9.97326,-25.508199
ID008,KIB,5,3,POSX_NEGY,-10.849399,583.590031,-24.071699
ID008,KIB,5,4,POSX_POSY,880.412996,1186.469913,-14.4678
ID008,KIB,5,4,NEGX_POSY,881.900012,592.586994,-22.5321
ID008,KIB,5,4,NEGX_NEGY,-10.309,592.67199,-24.0048
ID008,KIB,5,4,POSX_NEGY,-12.5899,1183.939934,-15.4844
ID008,KOK,1,3,POSX_POSY,881.586969,582.143962,-22.814199
ID008,KOK,1,3,NEGX_POSY,883.545995,-8.73839,-24.3426
ID008,KOK,1,3,NEGX_NEGY,-10.6161,-9.97326,-25.508199
ID008,KOK,1,3,POSX_NEGY,-10.849399,583.590031,-24.071699
ID008,KOK,1,4,POSX_POSY,880.412996,1186.469913,-14.4678
ID008,KOK,1,4,NEGX_POSY,881.900012,592.586994,-22.5321
ID008,KOK,1,4,NEGX_NEGY,-10.309,592.67199,-24.0048
ID008,KOK,1,4,POSX_NEGY,-12.5899,1183.939934,-15.4844
ID008,KOK,2,3,POSX_POSY,881.586969,582.143962,-22.814199
ID008,KOK,2,3,NEGX_POSY,883.545995,-8.73839,-24.3426
ID008,KOK,2,3,NEGX_NEGY,-10.6161,-9.97326,-25.508199
ID008,KOK,2,3,POSX_NEGY,-10.849399,583.590031,-24.071699
ID008,KOK,2,4,POSX_POSY,880.412996,1186.469913,-14.4678
ID008,KOK,2,4,NEGX_POSY,881.900012,592.586994,-22.5321
ID008,KOK,2,4,NEGX_NEGY,-10.309,592.67199,-24.0048
ID008,KOK,2,4,POSX_NEGY,-12.5899,1183.939934,-15.4844
ID008,KOK,3,3,POSX_POSY,881.586969,582.143962,-22.814199
ID008,KOK,3,3,NEGX_POSY,883.545995,-8.73839,-24.3426
ID008,KOK,3,3,NEGX_NEGY,-10.6161,-9.97326,-25.508199
ID008,KOK,3,3,POSX_NEGY,-10.849399,583.590031,-24.071699
ID008,KOK,3,4,POSX_POSY,880.412996,1186.469913,-14.4678
ID008,KOK,3,4,NEGX_POSY,881.900012,592.586994,-22.5321
ID008,KOK,3,4,NEGX_NEGY,-10.309,592.67199,-24.0048
ID008,KOK,3,4,POSX_NEGY,-12.5899,1183.939934,-15.4844
ID008,KOK,4,3,POSX_POSY,881.586969,582.143962,-22.814199
ID008,KOK,4,3,NEGX_POSY,883.545995,-8.73839,-24.3426
ID008,KOK,4,3,NEGX_NEGY,-10.6161,-9.97326,-25.508199
ID008,KOK,4,3,POSX_NEGY,-10.849399,583.590031,-24.071699
ID008,KOK,4,4,POSX_POSY,880.412996,1186.469913,-14.4678
ID008,KOK,4,4,NEGX_POSY,881.900012,592.586994,-22.5321
ID008,KOK,4,4,NEGX_NEGY,-10.309,592.67199,-24.0048
ID008,KOK,4,4,POSX_NEGY,-12.5899,1183.939934,-15.4844
ID008,KOK,5,3,POSX_POSY,881.586969,582.143962,-22.814199
ID008,KOK,5,3,NEGX_POSY,883.545995,-8.73839,-24.3426
ID008,KOK,5,3,NEGX_NEGY,-10.6161,-9.97326,-25.508199
ID008,KOK,5,3,POSX_NEGY,-10.849399,583.590031,-24.071699
ID008,KOK,5,4,POSX_POSY,880.412996,1186.469913,-14.4678
ID008,KOK,5,4,NEGX_POSY,881.900012,592.586994,-22.5321
ID008,KOK,5,4,NEGX_NEGY,-10.309,592.67199,-24.0048
ID008,KOK,5,4,POSX_NEGY,-12.5899,1183.939934,-15.4844
ID008,STATIC,1,3,POSX_POSY,881.586969,582.143962,-22.814199
ID008,STATIC,1,3,NEGX_POSY,883.545995,-8.73839,-24.3426
ID008,STATIC,1,3,NEGX_NEGY,-10.6161,-9.97326,-25.508199
ID008,STATIC,1,3,POSX_NEGY,-10.849399,583.590031,-24.071699
ID008,STATIC,1,4,POSX_POSY,880.412996,1186.469913,-14.4678
ID008,STATIC,1,4,NEGX_POSY,881.900012,592.586994,-22.5321
ID008,STATIC,1,4,NEGX_NEGY,-10.309,592.67199,-24.0048
ID008,STATIC,1,4,POSX_NEGY,-12.5899,1183.939934,-15.4844
ID008,ZEN,1,3,POSX_POSY,881.586969,582.143962,-22.814199
ID008,ZEN,1,3,NEGX_POSY,883.545995,-8.73839,-24.3426
ID008,ZEN,1,3,NEGX_NEGY,-10.6161,-9.97326,-25.508199
ID008,ZEN,1,3,POSX_NEGY,-10.849399,583.590031,-24.071699
ID008,ZEN,1,4,POSX_POSY,880.412996,1186.469913,-14.4678
ID008,ZEN,1,4,NEGX_POSY,881.900012,592.586994,-22.5321
ID008,ZEN,1,4,NEGX_NEGY,-10.309,592.67199,-24.0048
ID008,ZEN,1,4,POSX_NEGY,-12.5899,1183.939934,-15.4844
ID008,ZEN,2,3,POSX_POSY,881.586969,582.143962,-22.814199
ID008,ZEN,2,3,NEGX_POSY,883.545995,-8.73839,-24.3426
ID008,ZEN,2,3,NEGX_NEGY,-10.6161,-9.97326,-25.508199
ID008,ZEN,2,3,POSX_NEGY,-10.849399,583.590031,-24.071699
ID008,ZEN,2,4,POSX_POSY,880.412996,1186.469913,-14.4678
ID008,ZEN,2,4,NEGX_POSY,881.900012,592.586994,-22.5321
ID008,ZEN,2,4,NEGX_NEGY,-10.309,592.67199,-24.0048
ID008,ZEN,2,4,POSX_NEGY,-12.5899,1183.939934,-15.4844
ID008,ZEN,3,3,POSX_POSY,881.586969,582.143962,-22.814199
ID008,ZEN,3,3,NEGX_POSY,883.545995,-8.73839,-24.3426
ID008,ZEN,3,3,NEGX_NEGY,-10.6161,-9.97326,-25.508199
ID008,ZEN,3,3,POSX_NEGY,-10.849399,583.590031,-24.071699
ID008,ZEN,3,4,POSX_POSY,880.412996,1186.469913,-14.4678
ID008,ZEN,3,4,NEGX_POSY,881.900012,592.586994,-22.5321
ID008,ZEN,3,4,NEGX_NEGY,-10.309,592.67199,-24.0048
ID008,ZEN,3,4,POSX_NEGY,-12.5899,1183.939934,-15.4844
ID008,ZEN,4,3,POSX_POSY,881.586969,582.143962,-22.814199
ID008,ZEN,4,3,NEGX_POSY,883.545995,-8.73839,-24.3426
ID008,ZEN,4,3,NEGX_NEGY,-10.6161,-9.97326,-25.508199
ID008,ZEN,4,3,POSX_NEGY,-10.849399,583.590031,-24.071699
ID008,ZEN,4,4,POSX_POSY,880.412996,1186.469913,-14.4678
ID008,ZEN,4,4,NEGX_POSY,881.900012,592.586994,-22.5321
ID008,ZEN,4,4,NEGX_NEGY,-10.309,592.67199,-24.0048
ID008,ZEN,4,4,POSX_NEGY,-12.5899,1183.939934,-15.4844
ID008,ZEN,5,3,POSX_POSY,881.586969,582.143962,-22.814199
ID008,ZEN,5,3,NEGX_POSY,883.545995,-8.73839,-24.3426
ID008,ZEN,5,3,NEGX_NEGY,-10.6161,-9.97326,-25.508199
ID008,ZEN,5,3,POSX_NEGY,-10.849399,583.590031,-24.071699
ID008,ZEN,5,4,POSX_POSY,880.412996,1186.469913,-14.4678
ID008,ZEN,5,4,NEGX_POSY,881.900012,592.586994,-22.5321
ID008,ZEN,5,4,NEGX_NEGY,-10.309,592.67199,-24.0048
ID008,ZEN,5,4,POSX_NEGY,-12.5899,1183.939934,-15.4844
ID009,KIB,1,3,POSX_POSY,881.586969,582.143962,-22.814199
ID009,KIB,1,3,NEGX_POSY,883.545995,-8.73839,-24.3426
ID009,KIB,1,3,NEGX_NEGY,-10.6161,-9.97326,-25.508199
ID009,KIB,1,3,POSX_NEGY,-10.849399,583.590031,-24.071699
ID009,KIB,1,4,POSX_POSY,880.412996,1186.469913,-14.4678
ID009,KIB,1,4,NEGX_POSY,881.900012,592.586994,-22.5321
ID009,KIB,1,4,NEGX_NEGY,-10.309,592.67199,-24.0048
ID009,KIB,1,4,POSX_NEGY,-12.5899,1183.939934,-15.4844
ID009,KIB,2,3,POSX_POSY,881.586969,582.143962,-22.814199
ID009,KIB,2,3,NEGX_POSY,883.545995,-8.73839,-24.3426
ID009,KIB,2,3,NEGX_NEGY,-10.6161,-9.97326,-25.508199
ID009,KIB,2,3,POSX_NEGY,-10.849399,583.590031,-24.071699
ID009,KIB,2,4,POSX_POSY,880.412996,1186.469913,-14.4678
ID009,KIB,2,4,NEGX_POSY,881.900012,592.586994,-22.5321
ID009,KIB,2,4,NEGX_NEGY,-10.309,592.67199,-24.0048
ID009,KIB,2,4,POSX_NEGY,-12.5899,1183.939934,-15.4844
ID009,KIB,3,3,POSX_POSY,881.586969,582.143962,-22.814199
ID009,KIB,3,3,NEGX_POSY,883.545995,-8.73839,-24.3426
ID009,KIB,3,3,NEGX_NEGY,-10.6161,-9.97326,-25.508199
ID009,KIB,3,3,POSX_NEGY,-10.849399,583.590031,-24.071699
ID009,KIB,3,4,POSX_POSY,880.412996,1186.469913,-14.4678
ID009,KIB,3,4,NEGX_POSY,881.900012,592.586994,-22.5321
ID009,KIB,3,4,NEGX_NEGY,-10.309,592.67199,-24.0048
ID009,KIB,3,4,POSX_NEGY,-12.5899,1183.939934,-15.4844
ID009,KIB,4,3,POSX_POSY,881.586969,582.143962,-22.814199
ID009,KIB,4,3,NEGX_POSY,883.545995,-8.73839,-24.3426
ID009,KIB,4,3,NEGX_NEGY,-10.6161,-9.97326,-25.508199
ID009,KIB,4,3,POSX_NEGY,-10.849399,583.590031,-24.071699
ID009,KIB,5,3,POSX_POSY,881.586969,582.143962,-22.814199
ID009,KIB,5,3,NEGX_POSY,883.545995,-8.73839,-24.3426
ID009,KIB,5,3,NEGX_NEGY,-10.6161,-9.97326,-25.508199
ID009,KIB,5,3,POSX_NEGY,-10.849399,583.590031,-24.071699
ID009,KIB,5,4,POSX_POSY,880.412996,1186.469913,-14.4678
ID009,KIB,5,4,NEGX_POSY,881.900012,592.586994,-22.5321
ID009,KIB,5,4,NEGX_NEGY,-10.309,592.67199,-24.0048
ID009,KIB,5,4,POSX_NEGY,-12.5899,1183.939934,-15.4844
ID009,KOK,1,3,POSX_POSY,881.586969,582.143962,-22.814199
ID009,KOK,1,3,NEGX_POSY,883.545995,-8.73839,-24.3426
ID009,KOK,1,3,NEGX_NEGY,-10.6161,-9.97326,-25.508199
ID009,KOK,1,3,POSX_NEGY,-10.849399,583.590031,-24.071699
ID009,KOK,1,4,POSX_POSY,880.412996,1186.469913,-14.4678
ID009,KOK,1,4,NEGX_POSY,881.900012,592.586994,-22.5321
ID009,KOK,1,4,NEGX_NEGY,-10.309,592.67199,-24.0048
ID009,KOK,1,4,POSX_NEGY,-12.5899,1183.939934,-15.4844
ID009,KOK,2,3,POSX_POSY,881.586969,582.143962,-22.814199
ID009,KOK,2,3,NEGX_POSY,883.545995,-8.73839,-24.3426
ID009,KOK,2,3,NEGX_NEGY,-10.6161,-9.97326,-25.508199
ID009,KOK,2,3,POSX_NEGY,-10.849399,583.590031,-24.071699
ID009,KOK,2,4,POSX_POSY,880.412996,1186.469913,-14.4678
ID009,KOK,2,4,NEGX_POSY,881.900012,592.586994,-22.5321
ID009,KOK,2,4,NEGX_NEGY,-10.309,592.67199,-24.0048
ID009,KOK,2,4,POSX_NEGY,-12.5899,1183.939934,-15.4844
ID009,KOK,3,3,POSX_POSY,881.586969,582.143962,-22.814199
ID009,KOK,3,3,NEGX_POSY,883.545995,-8.73839,-24.3426
ID009,KOK,3,3,NEGX_NEGY,-10.6161,-9.97326,-25.508199
ID009,KOK,3,3,POSX_NEGY,-10.849399,583.590031,-24.071699
ID009,KOK,3,4,POSX_POSY,880.412996,1186.469913,-14.4678
ID009,KOK,3,4,NEGX_POSY,881.900012,592.586994,-22.5321
ID009,KOK,3,4,NEGX_NEGY,-10.309,592.67199,-24.0048
ID009,KOK,3,4,POSX_NEGY,-12.5899,1183.939934,-15.4844
ID009,KOK,4,3,POSX_POSY,881.586969,582.143962,-22.814199
ID009,KOK,4,3,NEGX_POSY,883.545995,-8.73839,-24.3426
ID009,KOK,4,3,NEGX_NEGY,-10.6161,-9.97326,-25.508199
ID009,KOK,4,3,POSX_NEGY,-10.849399,583.590031,-24.071699
ID009,KOK,4,4,POSX_POSY,880.412996,1186.469913,-14.4678
ID009,KOK,4,4,NEGX_POSY,881.900012,592.586994,-22.5321
ID009,KOK,4,4,NEGX_NEGY,-10.309,592.67199,-24.0048
ID009,KOK,4,4,POSX_NEGY,-12.5899,1183.939934,-15.4844
ID009,KOK,5,3,POSX_POSY,881.586969,582.143962,-22.814199
ID009,KOK,5,3,NEGX_POSY,883.545995,-8.73839,-24.3426
ID009,KOK,5,3,NEGX_NEGY,-10.6161,-9.97326,-25.508199
ID009,KOK,5,3,POSX_NEGY,-10.849399,583.590031,-24.071699
ID009,KOK,5,4,POSX_POSY,880.412996,1186.469913,-14.4678
ID009,KOK,5,4,NEGX_POSY,881.900012,592.586994,-22.5321
ID009,KOK,5,4,NEGX_NEGY,-10.309,592.67199,-24.0048
ID009,KOK,5,4,POSX_NEGY,-12.5899,1183.939934,-15.4844
ID009,STATIC,1,3,POSX_POSY,881.586969,582.143962,-22.814199
ID009,STATIC,1,3,NEGX_POSY,883.545995,-8.73839,-24.3426
ID009,STATIC,1,3,NEGX_NEGY,-10.6161,-9.97326,-25.508199
ID009,STATIC,1,3,POSX_NEGY,-10.849399,583.590031,-24.071699
ID009,STATIC,1,4,POSX_POSY,880.412996,1186.469913,-14.4678
ID009,STATIC,1,4,NEGX_POSY,881.900012,592.586994,-22.5321
ID009,STATIC,1,4,NEGX_NEGY,-10.309,592.67199,-24.0048
ID009,STATIC,1,4,POSX_NEGY,-12.5899,1183.939934,-15.4844
ID009,ZEN,1,3,POSX_POSY,881.586969,582.143962,-22.814199
ID009,ZEN,1,3,NEGX_POSY,883.545995,-8.73839,-24.3426
ID009,ZEN,1,3,NEGX_NEGY,-10.6161,-9.97326,-25.508199
ID009,ZEN,1,3,POSX_NEGY,-10.849399,583.590031,-24.071699
ID009,ZEN,1,4,POSX_POSY,880.412996,1186.469913,-14.4678
ID009,ZEN,1,4,NEGX_POSY,881.900012,592.586994,-22.5321
ID009,ZEN,1,4,NEGX_NEGY,-10.309,592.67199,-24.0048
ID009,ZEN,1,4,POSX_NEGY,-12.5899,1183.939934,-15.4844
ID009,ZEN,2,3,POSX_POSY,881.586969,582.143962,-22.814199
ID009,ZEN,2,3,NEGX_POSY,883.545995,-8.73839,-24.3426
ID009,ZEN,2,3,NEGX_NEGY,-10.6161,-9.97326,-25.508199
ID009,ZEN,2,3,POSX_NEGY,-10.849399,583.590031,-24.071699
ID009,ZEN,2,4,POSX_POSY,880.412996,1186.469913,-14.4678
ID009,ZEN,2,4,NEGX_POSY,881.900012,592.586994,-22.5321
ID009,ZEN,2,4,NEGX_NEGY,-10.309,592.67199,-24.0048
ID009,ZEN,2,4,POSX_NEGY,-12.5899,1183.939934,-15.4844
ID009,ZEN,3,3,POSX_POSY,881.586969,582.143962,-22.814199
ID009,ZEN,3,3,NEGX_POSY,883.545995,-8.73839,-24.3426
ID009,ZEN,3,3,NEGX_NEGY,-10.6161,-9.97326,-25.508199
ID009,ZEN,3,3,POSX_NEGY,-10.849399,583.590031,-24.071699
ID009,ZEN,3,4,POSX_POSY,880.412996,1186.469913,-14.4678
ID009,ZEN,3,4,NEGX_POSY,881.900012,592.586994,-22.5321
ID009,ZEN,3,4,NEGX_NEGY,-10.309,592.67199,-24.0048
ID009,ZEN,3,4,POSX_NEGY,-12.5899,1183.939934,-15.4844
ID009,ZEN,4,3,POSX_POSY,881.586969,582.143962,-22.814199
ID009,ZEN,4,3,NEGX_POSY,883.545995,-8.73839,-24.3426
ID009,ZEN,4,3,NEGX_NEGY,-10.6161,-9.97326,-25.508199
ID009,ZEN,4,3,POSX_NEGY,-10.849399,583.590031,-24.071699
ID009,ZEN,4,4,POSX_POSY,880.412996,1186.469913,-14.4678
ID009,ZEN,4,4,NEGX_POSY,881.900012,592.586994,-22.5321
ID009,ZEN,4,4,NEGX_NEGY,-10.309,592.67199,-24.0048
ID009,ZEN,4,4,POSX_NEGY,-12.5899,1183.939934,-15.4844
ID009,ZEN,5,3,POSX_POSY,881.586969,582.143962,-22.814199
ID009,ZEN,5,3,NEGX_POSY,883.545995,-8.73839,-24.3426
ID009,ZEN,5,3,NEGX_NEGY,-10.6161,-9.97326,-25.508199
ID009,ZEN,5,3,POSX_NEGY,-10.849399,583.590031,-24.071699
ID009,ZEN,5,4,POSX_POSY,880.412996,1186.469913,-14.4678
ID009,ZEN,5,4,NEGX_POSY,881.900012,592.586994,-22.5321
ID009,ZEN,5,4,NEGX_NEGY,-10.309,592.67199,-24.0048
ID009,ZEN,5,4,POSX_NEGY,-12.5899,1183.939934,-15.4844
ID010,KIB,1,3,POSX_POSY,881.586969,582.143962,-22.814199
ID010,KIB,1,3,NEGX_POSY,883.545995,-8.73839,-24.3426
ID010,KIB,1,3,NEGX_NEGY,-10.6161,-9.97326,-25.508199
ID010,KIB,1,3,POSX_NEGY,-10.849399,583.590031,-24.071699
ID010,KIB,1,4,POSX_POSY,880.412996,1186.469913,-14.4678
ID010,KIB,1,4,NEGX_POSY,881.900012,592.586994,-22.5321
ID010,KIB,1,4,NEGX_NEGY,-10.309,592.67199,-24.0048
ID010,KIB,1,4,POSX_NEGY,-12.5899,1183.939934,-15.4844
ID010,KIB,2,3,POSX_POSY,881.586969,582.143962,-22.814199
ID010,KIB,2,3,NEGX_POSY,883.545995,-8.73839,-24.3426
ID010,KIB,2,3,NEGX_NEGY,-10.6161,-9.97326,-25.508199
ID010,KIB,2,3,POSX_NEGY,-10.849399,583.590031,-24.071699
ID010,KIB,2,4,POSX_POSY,880.412996,1186.469913,-14.4678
ID010,KIB,2,4,NEGX_POSY,881.900012,592.586994,-22.5321
ID010,KIB,2,4,NEGX_NEGY,-10.309,592.67199,-24.0048
ID010,KIB,2,4,POSX_NEGY,-12.5899,1183.939934,-15.4844
ID010,KIB,3,3,POSX_POSY,881.586969,582.143962,-22.814199
ID010,KIB,3,3,NEGX_POSY,883.545995,-8.73839,-24.3426
ID010,KIB,3,3,NEGX_NEGY,-10.6161,-9.97326,-25.508199
ID010,KIB,3,3,POSX_NEGY,-10.849399,583.590031,-24.071699
ID010,KIB,3,4,POSX_POSY,880.412996,1186.469913,-14.4678
ID010,KIB,3,4,NEGX_POSY,881.900012,592.586994,-22.5321
ID010,KIB,3,4,NEGX_NEGY,-10.309,592.67199,-24.0048
ID010,KIB,3,4,POSX_NEGY,-12.5899,1183.939934,-15.4844
ID010,KIB,4,3,POSX_POSY,881.586969,582.143962,-22.814199
ID010,KIB,4,3,NEGX_POSY,883.545995,-8.73839,-24.3426
ID010,KIB,4,3,NEGX_NEGY,-10.6161,-9.97326,-25.508199
ID010,KIB,4,3,POSX_NEGY,-10.849399,583.590031,-24.071699
ID010,KIB,4,4,POSX_POSY,880.412996,1186.469913,-14.4678
ID010,KIB,4,4,NEGX_POSY,881.900012,592.586994,-22.5321
ID010,KIB,4,4,NEGX_NEGY,-10.309,592.67199,-24.0048
ID010,KIB,4,4,POSX_NEGY,-12.5899,1183.939934,-15.4844
ID010,KIB,5,3,POSX_POSY,881.586969,582.143962,-22.814199
ID010,KIB,5,3,NEGX_POSY,883.545995,-8.73839,-24.3426
ID010,KIB,5,3,NEGX_NEGY,-10.6161,-9.97326,-25.508199
ID010,KIB,5,3,POSX_NEGY,-10.849399,583.590031,-24.071699
ID010,KIB,5,4,POSX_POSY,880.412996,1186.469913,-14.4678
ID010,KIB,5,4,NEGX_POSY,881.900012,592.586994,-22.5321
ID010,KIB,5,4,NEGX_NEGY,-10.309,592.67199,-24.0048
ID010,KIB,5,4,POSX_NEGY,-12.5899,1183.939934,-15.4844
ID010,KOK,1,3,POSX_POSY,881.586969,582.143962,-22.814199
ID010,KOK,1,3,NEGX_POSY,883.545995,-8.73839,-24.3426
ID010,KOK,1,3,NEGX_NEGY,-10.6161,-9.97326,-25.508199
ID010,KOK,1,3,POSX_NEGY,-10.849399,583.590031,-24.071699
ID010,KOK,1,4,POSX_POSY,880.412996,1186.469913,-14.4678
ID010,KOK,1,4,NEGX_POSY,881.900012,592.586994,-22.5321
ID010,KOK,1,4,NEGX_NEGY,-10.309,592.67199,-24.0048
ID010,KOK,1,4,POSX_NEGY,-12.5899,1183.939934,-15.4844
ID010,KOK,2,3,POSX_POSY,881.586969,582.143962,-22.814199
ID010,KOK,2,3,NEGX_POSY,883.545995,-8.73839,-24.3426
ID010,KOK,2,3,NEGX_NEGY,-10.6161,-9.97326,-25.508199
ID010,KOK,2,3,POSX_NEGY,-10.849399,583.590031,-24.071699
ID010,KOK,2,4,POSX_POSY,880.412996,1186.469913,-14.4678
ID010,KOK,2,4,NEGX_POSY,881.900012,592.586994,-22.5321
ID010,KOK,2,4,NEGX_NEGY,-10.309,592.67199,-24.0048
ID010,KOK,2,4,POSX_NEGY,-12.5899,1183.939934,-15.4844
ID010,KOK,3,3,POSX_POSY,881.586969,582.143962,-22.814199
ID010,KOK,3,3,NEGX_POSY,883.545995,-8.73839,-24.3426
ID010,KOK,3,3,NEGX_NEGY,-10.6161,-9.97326,-25.508199
ID010,KOK,3,3,POSX_NEGY,-10.849399,583.590031,-24.071699
ID010,KOK,3,4,POSX_POSY,880.412996,1186.469913,-14.4678
ID010,KOK,3,4,NEGX_POSY,881.900012,592.586994,-22.5321
ID010,KOK,3,4,NEGX_NEGY,-10.309,592.67199,-24.0048
ID010,KOK,3,4,POSX_NEGY,-12.5899,1183.939934,-15.4844
ID010,KOK,4,3,POSX_POSY,881.586969,582.143962,-22.814199
ID010,KOK,4,3,NEGX_POSY,883.545995,-8.73839,-24.3426
ID010,KOK,4,3,NEGX_NEGY,-10.6161,-9.97326,-25.508199
ID010,KOK,4,3,POSX_NEGY,-10.849399,583.590031,-24.071699
ID010,KOK,4,4,POSX_POSY,880.412996,1186.469913,-14.4678
ID010,KOK,4,4,NEGX_POSY,881.900012,592.586994,-22.5321
ID010,KOK,4,4,NEGX_NEGY,-10.309,592.67199,-24.0048
ID010,KOK,4,4,POSX_NEGY,-12.5899,1183.939934,-15.4844
ID010,KOK,5,3,POSX_POSY,881.586969,582.143962,-22.814199
ID010,KOK,5,3,NEGX_POSY,883.545995,-8.73839,-24.3426
ID010,KOK,5,3,NEGX_NEGY,-10.6161,-9.97326,-25.508199
ID010,KOK,5,3,POSX_NEGY,-10.849399,583.590031,-24.071699
ID010,KOK,5,4,POSX_POSY,880.412996,1186.469913,-14.4678
ID010,KOK,5,4,NEGX_POSY,881.900012,592.586994,-22.5321
ID010,KOK,5,4,NEGX_NEGY,-10.309,592.67199,-24.0048
ID010,KOK,5,4,POSX_NEGY,-12.5899,1183.939934,-15.4844
ID010,STATIC,1,3,POSX_POSY,881.586969,582.143962,-22.814199
ID010,STATIC,1,3,NEGX_POSY,883.545995,-8.73839,-24.3426
ID010,STATIC,1,3,NEGX_NEGY,-10.6161,-9.97326,-25.508199
ID010,STATIC,1,3,POSX_NEGY,-10.849399,583.590031,-24.071699
ID010,STATIC,1,4,POSX_POSY,880.412996,1186.469913,-14.4678
ID010,STATIC,1,4,NEGX_POSY,881.900012,592.586994,-22.5321
ID010,STATIC,1,4,NEGX_NEGY,-10.309,592.67199,-24.0048
ID010,STATIC,1,4,POSX_NEGY,-12.5899,1183.939934,-15.4844
ID010,ZEN,1,3,POSX_POSY,881.586969,582.143962,-22.814199
ID010,ZEN,1,3,NEGX_POSY,883.545995,-8.73839,-24.3426
ID010,ZEN,1,3,NEGX_NEGY,-10.6161,-9.97326,-25.508199
ID010,ZEN,1,3,POSX_NEGY,-10.849399,583.590031,-24.071699
ID010,ZEN,1,4,POSX_POSY,880.412996,1186.469913,-14.4678
ID010,ZEN,1,4,NEGX_POSY,881.900012,592.586994,-22.5321
ID010,ZEN,1,4,NEGX_NEGY,-10.309,592.67199,-24.0048
ID010,ZEN,1,4,POSX_NEGY,-12.5899,1183.939934,-15.4844
ID010,ZEN,2,3,POSX_POSY,881.586969,582.143962,-22.814199
ID010,ZEN,2,3,NEGX_POSY,883.545995,-8.73839,-24.3426
ID010,ZEN,2,3,NEGX_NEGY,-10.6161,-9.97326,-25.508199
ID010,ZEN,2,3,POSX_NEGY,-10.849399,583.590031,-24.071699
ID010,ZEN,2,4,POSX_POSY,880.412996,1186.469913,-14.4678
ID010,ZEN,2,4,NEGX_POSY,881.900012,592.586994,-22.5321
ID010,ZEN,2,4,NEGX_NEGY,-10.309,592.67199,-24.0048
ID010,ZEN,2,4,POSX_NEGY,-12.5899,1183.939934,-15.4844
ID010,ZEN,3,3,POSX_POSY,881.586969,582.143962,-22.814199
ID010,ZEN,3,3,NEGX_POSY,883.545995,-8.73839,-24.3426
ID010,ZEN,3,3,NEGX_NEGY,-10.6161,-9.97326,-25.508199
ID010,ZEN,3,3,POSX_NEGY,-10.849399,583.590031,-24.071699
ID010,ZEN,3,4,POSX_POSY,880.412996,1186.469913,-14.4678
ID010,ZEN,3,4,NEGX_POSY,881.900012,592.586994,-22.5321
ID010,ZEN,3,4,NEGX_NEGY,-10.309,592.67199,-24.0048
ID010,ZEN,3,4,POSX_NEGY,-12.5899,1183.939934,-15.4844
ID010,ZEN,4,3,POSX_POSY,881.586969,582.143962,-22.814199
ID010,ZEN,4,3,NEGX_POSY,883.545995,-8.73839,-24.3426
ID010,ZEN,4,3,NEGX_NEGY,-10.6161,-9.97326,-25.508199
ID010,ZEN,4,3,POSX_NEGY,-10.849399,583.590031,-24.071699
ID010,ZEN,4,4,POSX_POSY,880.412996,1186.469913,-14.4678
ID010,ZEN,4,4,NEGX_POSY,881.900012,592.586994,-22.5321
ID010,ZEN,4,4,NEGX_NEGY,-10.309,592.67199,-24.0048
ID010,ZEN,4,4,POSX_NEGY,-12.5899,1183.939934,-15.4844
ID010,ZEN,5,3,POSX_POSY,881.586969,582.143962,-22.814199
ID010,ZEN,5,3,NEGX_POSY,883.545995,-8.73839,-24.3426
ID010,ZEN,5,3,NEGX_NEGY,-10.6161,-9.97326,-25.508199
ID010,ZEN,5,3,POSX_NEGY,-10.849399,583.590031,-24.071699
ID010,ZEN,5,4,POSX_POSY,880.412996,1186.469913,-14.4678
ID010,ZEN,5,4,NEGX_POSY,881.900012,592.586994,-22.5321
ID010,ZEN,5,4,NEGX_NEGY,-10.309,592.67199,-24.0048
ID010,ZEN,5,4,POSX_NEGY,-12.5899,1183.939934,-15.4844
ID011,KIB,1,3,POSX_POSY,881.586969,582.143962,-22.814199
ID011,KIB,1,3,NEGX_POSY,883.545995,-8.73839,-24.3426
ID011,KIB,1,3,NEGX_NEGY,-10.6161,-9.97326,-25.508199
ID011,KIB,1,3,POSX_NEGY,-10.849399,583.590031,-24.071699
ID011,KIB,1,4,POSX_POSY,880.412996,1186.469913,-14.4678
ID011,KIB,1,4,NEGX_POSY,881.900012,592.586994,-22.5321
ID011,KIB,1,4,NEGX_NEGY,-10.309,592.67199,-24.0048
ID011,KIB,1,4,POSX_NEGY,-12.5899,1183.939934,-15.4844
ID011,KIB,2,3,POSX_POSY,881.586969,582.143962,-22.814199
ID011,KIB,2,3,NEGX_POSY,883.545995,-8.73839,-24.3426
ID011,KIB,2,3,NEGX_NEGY,-10.6161,-9.97326,-25.508199
ID011,KIB,2,3,POSX_NEGY,-10.849399,583.590031,-24.071699
ID011,KIB,2,4,POSX_POSY,880.412996,1186.469913,-14.4678
ID011,KIB,2,4,NEGX_POSY,881.900012,592.586994,-22.5321
ID011,KIB,2,4,NEGX_NEGY,-10.309,592.67199,-24.0048
ID011,KIB,2,4,POSX_NEGY,-12.5899,1183.939934,-15.4844
ID011,KIB,3,3,POSX_POSY,881.586969,582.143962,-22.814199
ID011,KIB,3,3,NEGX_POSY,883.545995,-8.73839,-24.3426
ID011,KIB,3,3,NEGX_NEGY,-10.6161,-9.97326,-25.508199
ID011,KIB,3,3,POSX_NEGY,-10.849399,583.590031,-24.071699
ID011,KIB,3,4,POSX_POSY,880.412996,1186.469913,-14.4678
ID011,KIB,3,4,NEGX_POSY,881.900012,592.586994,-22.5321
ID011,KIB,3,4,NEGX_NEGY,-10.309,592.67199,-24.0048
ID011,KIB,3,4,POSX_NEGY,-12.5899,1183.939934,-15.4844
ID011,KIB,4,3,POSX_POSY,881.586969,582.143962,-22.814199
ID011,KIB,4,3,NEGX_POSY,883.545995,-8.73839,-24.3426
ID011,KIB,4,3,NEGX_NEGY,-10.6161,-9.97326,-25.508199
ID011,KIB,4,3,POSX_NEGY,-10.849399,583.590031,-24.071699
ID011,KIB,4,4,POSX_POSY,880.412996,1186.469913,-14.4678
ID011,KIB,4,4,NEGX_POSY,881.900012,592.586994,-22.5321
ID011,KIB,4,4,NEGX_NEGY,-10.309,592.67199,-24.0048
ID011,KIB,4,4,POSX_NEGY,-12.5899,1183.939934,-15.4844
ID011,KIB,5,4,POSX_POSY,880.412996,1186.469913,-14.4678
ID011,KIB,5,4,NEGX_POSY,881.900012,592.586994,-22.5321
ID011,KIB,5,4,NEGX_NEGY,-10.309,592.67199,-24.0048
ID011,KIB,5,4,POSX_NEGY,-12.5899,1183.939934,-15.4844
ID011,KOK,1,3,POSX_POSY,881.586969,582.143962,-22.814199
ID011,KOK,1,3,NEGX_POSY,883.545995,-8.73839,-24.3426
ID011,KOK,1,3,NEGX_NEGY,-10.6161,-9.97326,-25.508199
ID011,KOK,1,3,POSX_NEGY,-10.849399,583.590031,-24.071699
ID011,KOK,1,4,POSX_POSY,880.412996,1186.469913,-14.4678
ID011,KOK,1,4,NEGX_POSY,881.900012,592.586994,-22.5321
ID011,KOK,1,4,NEGX_NEGY,-10.309,592.67199,-24.0048
ID011,KOK,1,4,POSX_NEGY,-12.5899,1183.939934,-15.4844
ID011,KOK,2,3,POSX_POSY,881.586969,582.143962,-22.814199
ID011,KOK,2,3,NEGX_POSY,883.545995,-8.73839,-24.3426
ID011,KOK,2,3,NEGX_NEGY,-10.6161,-9.97326,-25.508199
ID011,KOK,2,3,POSX_NEGY,-10.849399,583.590031,-24.071699
ID011,KOK,2,4,POSX_POSY,880.412996,1186.469913,-14.4678
ID011,KOK,2,4,NEGX_POSY,881.900012,592.586994,-22.5321
ID011,KOK,2,4,NEGX_NEGY,-10.309,592.67199,-24.0048
ID011,KOK,2,4,POSX_NEGY,-12.5899,1183.939934,-15.4844
ID011,KOK,3,3,POSX_POSY,881.586969,582.143962,-22.814199
ID011,KOK,3,3,NEGX_POSY,883.545995,-8.73839,-24.3426
ID011,KOK,3,3,NEGX_NEGY,-10.6161,-9.97326,-25.508199
ID011,KOK,3,3,POSX_NEGY,-10.849399,583.590031,-24.071699
ID011,KOK,3,4,POSX_POSY,880.412996,1186.469913,-14.4678
ID011,KOK,3,4,NEGX_POSY,881.900012,592.586994,-22.5321
ID011,KOK,3,4,NEGX_NEGY,-10.309,592.67199,-24.0048
ID011,KOK,3,4,POSX_NEGY,-12.5899,1183.939934,-15.4844
ID011,KOK,4,3,POSX_POSY,881.586969,582.143962,-22.814199
ID011,KOK,4,3,NEGX_POSY,883.545995,-8.73839,-24.3426
ID011,KOK,4,3,NEGX_NEGY,-10.6161,-9.97326,-25.508199
ID011,KOK,4,3,POSX_NEGY,-10.849399,583.590031,-24.071699
ID011,KOK,4,4,POSX_POSY,880.412996,1186.469913,-14.4678
ID011,KOK,4,4,NEGX_POSY,881.900012,592.586994,-22.5321
ID011,KOK,4,4,NEGX_NEGY,-10.309,592.67199,-24.0048
ID011,KOK,4,4,POSX_NEGY,-12.5899,1183.939934,-15.4844
ID011,KOK,5,3,POSX_POSY,881.586969,582.143962,-22.814199
ID011,KOK,5,3,NEGX_POSY,883.545995,-8.73839,-24.3426
ID011,KOK,5,3,NEGX_NEGY,-10.6161,-9.97326,-25.508199
ID011,KOK,5,3,POSX_NEGY,-10.849399,583.590031,-24.071699
ID011,KOK,5,4,POSX_POSY,880.412996,1186.469913,-14.4678
ID011,KOK,5,4,NEGX_POSY,881.900012,592.586994,-22.5321
ID011,KOK,5,4,NEGX_NEGY,-10.309,592.67199,-24.0048
ID011,KOK,5,4,POSX_NEGY,-12.5899,1183.939934,-15.4844
ID011,STATIC,1,3,POSX_POSY,881.586969,582.143962,-22.814199
ID011,STATIC,1,3,NEGX_POSY,883.545995,-8.73839,-24.3426
ID011,STATIC,1,3,NEGX_NEGY,-10.6161,-9.97326,-25.508199
ID011,STATIC,1,3,POSX_NEGY,-10.849399,583.590031,-24.071699
ID011,STATIC,1,4,POSX_POSY,880.412996,1186.469913,-14.4678
ID011,STATIC,1,4,NEGX_POSY,881.900012,592.586994,-22.5321
ID011,STATIC,1,4,NEGX_NEGY,-10.309,592.67199,-24.0048
ID011,STATIC,1,4,POSX_NEGY,-12.5899,1183.939934,-15.4844
ID011,ZEN,1,3,POSX_POSY,881.586969,582.143962,-22.814199
ID011,ZEN,1,3,NEGX_POSY,883.545995,-8.73839,-24.3426
ID011,ZEN,1,3,NEGX_NEGY,-10.6161,-9.97326,-25.508199
ID011,ZEN,1,3,POSX_NEGY,-10.849399,583.590031,-24.071699
ID011,ZEN,1,4,POSX_POSY,880.412996,1186.469913,-14.4678
ID011,ZEN,1,4,NEGX_POSY,881.900012,592.586994,-22.5321
ID011,ZEN,1,4,NEGX_NEGY,-10.309,592.67199,-24.0048
ID011,ZEN,1,4,POSX_NEGY,-12.5899,1183.939934,-15.4844
ID011,ZEN,2,3,POSX_POSY,881.586969,582.143962,-22.814199
ID011,ZEN,2,3,NEGX_POSY,883.545995,-8.73839,-24.3426
ID011,ZEN,2,3,NEGX_NEGY,-10.6161,-9.97326,-25.508199
ID011,ZEN,2,3,POSX_NEGY,-10.849399,583.590031,-24.071699
ID011,ZEN,2,4,POSX_POSY,880.412996,1186.469913,-14.4678
ID011,ZEN,2,4,NEGX_POSY,881.900012,592.586994,-22.5321
ID011,ZEN,2,4,NEGX_NEGY,-10.309,592.67199,-24.0048
ID011,ZEN,2,4,POSX_NEGY,-12.5899,1183.939934,-15.4844
ID011,ZEN,3,3,POSX_POSY,881.586969,582.143962,-22.814199
ID011,ZEN,3,3,NEGX_POSY,883.545995,-8.73839,-24.3426
ID011,ZEN,3,3,NEGX_NEGY,-10.6161,-9.97326,-25.508199
ID011,ZEN,3,3,POSX_NEGY,-10.849399,583.590031,-24.071699
ID011,ZEN,3,4,POSX_POSY,880.412996,1186.469913,-14.4678
ID011,ZEN,3,4,NEGX_POSY,881.900012,592.586994,-22.5321
ID011,ZEN,3,4,NEGX_NEGY,-10.309,592.67199,-24.0048
ID011,ZEN,3,4,POSX_NEGY,-12.5899,1183.939934,-15.4844
ID011,ZEN,4,3,POSX_POSY,881.586969,582.143962,-22.814199
ID011,ZEN,4,3,NEGX_POSY,883.545995,-8.73839,-24.3426
ID011,ZEN,4,3,NEGX_NEGY,-10.6161,-9.97326,-25.508199
ID011,ZEN,4,3,POSX_NEGY,-10.849399,583.590031,-24.071699
ID011,ZEN,4,4,POSX_POSY,880.412996,1186.469913,-14.4678
ID011,ZEN,4,4,NEGX_POSY,881.900012,592.586994,-22.5321
ID011,ZEN,4,4,NEGX_NEGY,-10.309,592.67199,-24.0048
ID011,ZEN,4,4,POSX_NEGY,-12.5899,1183.939934,-15.4844
ID011,ZEN,5,3,POSX_POSY,881.586969,582.143962,-22.814199
ID011,ZEN,5,3,NEGX_POSY,883.545995,-8.73839,-24.3426
ID011,ZEN,5,3,NEGX_NEGY,-10.6161,-9.97326,-25.508199
ID011,ZEN,5,3,POSX_NEGY,-10.849399,583.590031,-24.071699
ID011,ZEN,5,4,POSX_POSY,880.412996,1186.469913,-14.4678
ID011,ZEN,5,4,NEGX_POSY,881.900012,592.586994,-22.5321
ID011,ZEN,5,4,NEGX_NEGY,-10.309,592.67199,-24.0048
ID011,ZEN,5,4,POSX_NEGY,-12.5899,1183.939934,-15.4844
ID012,KIB,1,3,POSX_POSY,881.586969,582.143962,-22.814199
ID012,KIB,1,3,NEGX_POSY,883.545995,-8.73839,-24.3426
ID012,KIB,1,3,NEGX_NEGY,-10.6161,-9.97326,-25.508199
ID012,KIB,1,3,POSX_NEGY,-10.849399,583.590031,-24.071699
ID012,KIB,1,4,POSX_POSY,880.412996,1186.469913,-14.4678
ID012,KIB,1,4,NEGX_POSY,881.900012,592.586994,-22.5321
ID012,KIB,1,4,NEGX_NEGY,-10.309,592.67199,-24.0048
ID012,KIB,1,4,POSX_NEGY,-12.5899,1183.939934,-15.4844
ID012,KIB,2,3,POSX_POSY,881.586969,582.143962,-22.814199
ID012,KIB,2,3,NEGX_POSY,883.545995,-8.73839,-24.3426
ID012,KIB,2,3,NEGX_NEGY,-10.6161,-9.97326,-25.508199
ID012,KIB,2,3,POSX_NEGY,-10.849399,583.590031,-24.071699
ID012,KIB,2,4,POSX_POSY,880.412996,1186.469913,-14.4678
ID012,KIB,2,4,NEGX_POSY,881.900012,592.586994,-22.5321
ID012,KIB,2,4,NEGX_NEGY,-10.309,592.67199,-24.0048
ID012,KIB,2,4,POSX_NEGY,-12.5899,1183.939934,-15.4844
ID012,KIB,3,3,POSX_POSY,881.586969,582.143962,-22.814199
ID012,KIB,3,3,NEGX_POSY,883.545995,-8.73839,-24.3426
ID012,KIB,3,3,NEGX_NEGY,-10.6161,-9.97326,-25.508199
ID012,KIB,3,3,POSX_NEGY,-10.849399,583.590031,-24.071699
ID012,KIB,3,4,POSX_POSY,880.412996,1186.469913,-14.4678
ID012,KIB,3,4,NEGX_POSY,881.900012,592.586994,-22.5321
ID012,KIB,3,4,NEGX_NEGY,-10.309,592.67199,-24.0048
ID012,KIB,3,4,POSX_NEGY,-12.5899,1183.939934,-15.4844
ID012,KIB,4,3,POSX_POSY,881.586969,582.143962,-22.814199
ID012,KIB,4,3,NEGX_POSY,883.545995,-8.73839,-24.3426
ID012,KIB,4,3,NEGX_NEGY,-10.6161,-9.97326,-25.508199
ID012,KIB,4,3,POSX_NEGY,-10.849399,583.590031,-24.071699
ID012,KIB,5,3,POSX_POSY,881.586969,582.143962,-22.814199
ID012,KIB,5,3,NEGX_POSY,883.545995,-8.73839,-24.3426
ID012,KIB,5,3,NEGX_NEGY,-10.6161,-9.97326,-25.508199
ID012,KIB,5,3,POSX_NEGY,-10.849399,583.590031,-24.071699
ID012,KIB,5,4,POSX_POSY,880.412996,1186.469913,-14.4678
ID012,KIB,5,4,NEGX_POSY,881.900012,592.586994,-22.5321
ID012,KIB,5,4,NEGX_NEGY,-10.309,592.67199,-24.0048
ID012,KIB,5,4,POSX_NEGY,-12.5899,1183.939934,-15.4844
ID012,KOK,1,3,POSX_POSY,881.586969,582.143962,-22.814199
ID012,KOK,1,3,NEGX_POSY,883.545995,-8.73839,-24.3426
ID012,KOK,1,3,NEGX_NEGY,-10.6161,-9.97326,-25.508199
ID012,KOK,1,3,POSX_NEGY,-10.849399,583.590031,-24.071699
ID012,KOK,1,4,POSX_POSY,880.412996,1186.469913,-14.4678
ID012,KOK,1,4,NEGX_POSY,881.900012,592.586994,-22.5321
ID012,KOK,1,4,NEGX_NEGY,-10.309,592.67199,-24.0048
ID012,KOK,1,4,POSX_NEGY,-12.5899,1183.939934,-15.4844
ID012,KOK,2,3,POSX_POSY,881.586969,582.143962,-22.814199
ID012,KOK,2,3,NEGX_POSY,883.545995,-8.73839,-24.3426
ID012,KOK,2,3,NEGX_NEGY,-10.6161,-9.97326,-25.508199
ID012,KOK,2,3,POSX_NEGY,-10.849399,583.590031,-24.071699
ID012,KOK,2,4,POSX_POSY,880.412996,1186.469913,-14.4678
ID012,KOK,2,4,NEGX_POSY,881.900012,592.586994,-22.5321
ID012,KOK,2,4,NEGX_NEGY,-10.309,592.67199,-24.0048
ID012,KOK,2,4,POSX_NEGY,-12.5899,1183.939934,-15.4844
ID012,KOK,3,3,POSX_POSY,881.586969,582.143962,-22.814199
ID012,KOK,3,3,NEGX_POSY,883.545995,-8.73839,-24.3426
ID012,KOK,3,3,NEGX_NEGY,-10.6161,-9.97326,-25.508199
ID012,KOK,3,3,POSX_NEGY,-10.849399,583.590031,-24.071699
ID012,KOK,3,4,POSX_POSY,880.412996,1186.469913,-14.4678
ID012,KOK,3,4,NEGX_POSY,881.900012,592.586994,-22.5321
ID012,KOK,3,4,NEGX_NEGY,-10.309,592.67199,-24.0048
ID012,KOK,3,4,POSX_NEGY,-12.5899,1183.939934,-15.4844
ID012,KOK,4,3,POSX_POSY,881.586969,582.143962,-22.814199
ID012,KOK,4,3,NEGX_POSY,883.545995,-8.73839,-24.3426
ID012,KOK,4,3,NEGX_NEGY,-10.6161,-9.97326,-25.508199
ID012,KOK,4,3,POSX_NEGY,-10.849399,583.590031,-24.071699
ID012,KOK,4,4,POSX_POSY,880.412996,1186.469913,-14.4678
ID012,KOK,4,4,NEGX_POSY,881.900012,592.586994,-22.5321
ID012,KOK,4,4,NEGX_NEGY,-10.309,592.67199,-24.0048
ID012,KOK,4,4,POSX_NEGY,-12.5899,1183.939934,-15.4844
ID012,KOK,5,3,POSX_POSY,881.586969,582.143962,-22.814199
ID012,KOK,5,3,NEGX_POSY,883.545995,-8.73839,-24.3426
ID012,KOK,5,3,NEGX_NEGY,-10.6161,-9.97326,-25.508199
ID012,KOK,5,3,POSX_NEGY,-10.849399,583.590031,-24.071699
ID012,KOK,5,4,POSX_POSY,880.412996,1186.469913,-14.4678
ID012,KOK,5,4,NEGX_POSY,881.900012,592.586994,-22.5321
ID012,KOK,5,4,NEGX_NEGY,-10.309,592.67199,-24.0048
ID012,KOK,5,4,POSX_NEGY,-12.5899,1183.939934,-15.4844
ID012,STATIC,1,3,POSX_POSY,881.586969,582.143962,-22.814199
ID012,STATIC,1,3,NEGX_POSY,883.545995,-8.73839,-24.3426
ID012,STATIC,1,3,NEGX_NEGY,-10.6161,-9.97326,-25.508199
ID012,STATIC,1,3,POSX_NEGY,-10.849399,583.590031,-24.071699
ID012,STATIC,1,4,POSX_POSY,880.412996,1186.469913,-14.4678
ID012,STATIC,1,4,NEGX_POSY,881.900012,592.586994,-22.5321
ID012,STATIC,1,4,NEGX_NEGY,-10.309,592.67199,-24.0048
ID012,STATIC,1,4,POSX_NEGY,-12.5899,1183.939934,-15.4844
ID012,ZEN,1,3,POSX_POSY,881.586969,582.143962,-22.814199
ID012,ZEN,1,3,NEGX_POSY,883.545995,-8.73839,-24.3426
ID012,ZEN,1,3,NEGX_NEGY,-10.6161,-9.97326,-25.508199
ID012,ZEN,1,3,POSX_NEGY,-10.849399,583.590031,-24.071699
ID012,ZEN,1,4,POSX_POSY,880.412996,1186.469913,-14.4678
ID012,ZEN,1,4,NEGX_POSY,881.900012,592.586994,-22.5321
ID012,ZEN,1,4,NEGX_NEGY,-10.309,592.67199,-24.0048
ID012,ZEN,1,4,POSX_NEGY,-12.5899,1183.939934,-15.4844
ID012,ZEN,2,3,POSX_POSY,881.586969,582.143962,-22.814199
ID012,ZEN,2,3,NEGX_POSY,883.545995,-8.73839,-24.3426
ID012,ZEN,2,3,NEGX_NEGY,-10.6161,-9.97326,-25.508199
ID012,ZEN,2,3,POSX_NEGY,-10.849399,583.590031,-24.071699
ID012,ZEN,2,4,POSX_POSY,880.412996,1186.469913,-14.4678
ID012,ZEN,2,4,NEGX_POSY,881.900012,592.586994,-22.5321
ID012,ZEN,2,4,NEGX_NEGY,-10.309,592.67199,-24.0048
ID012,ZEN,2,4,POSX_NEGY,-12.5899,1183.939934,-15.4844
ID012,ZEN,3,3,POSX_POSY,881.586969,582.143962,-22.814199
ID012,ZEN,3,3,NEGX_POSY,883.545995,-8.73839,-24.3426
ID012,ZEN,3,3,NEGX_NEGY,-10.6161,-9.97326,-25.508199
ID012,ZEN,3,3,POSX_NEGY,-10.849399,583.590031,-24.071699
ID012,ZEN,4,3,POSX_POSY,881.586969,582.143962,-22.814199
ID012,ZEN,4,3,NEGX_POSY,883.545995,-8.73839,-24.3426
ID012,ZEN,4,3,NEGX_NEGY,-10.6161,-9.97326,-25.508199
ID012,ZEN,4,3,POSX_NEGY,-10.849399,583.590031,-24.071699
ID012,ZEN,4,4,POSX_POSY,880.412996,1186.469913,-14.4678
ID012,ZEN,4,4,NEGX_POSY,881.900012,592.586994,-22.5321
ID012,ZEN,4,4,NEGX_NEGY,-10.309,592.67199,-24.0048
ID012,ZEN,4,4,POSX_NEGY,-12.5899,1183.939934,-15.4844
ID012,ZEN,5,3,POSX_POSY,881.586969,582.143962,-22.814199
ID012,ZEN,5,3,NEGX_POSY,883.545995,-8.73839,-24.3426
ID012,ZEN,5,3,NEGX_NEGY,-10.6161,-9.97326,-25.508199
ID012,ZEN,5,3,POSX_NEGY,-10.849399,583.590031,-24.071699
ID012,ZEN,5,4,POSX_POSY,880.412996,1186.469913,-14.4678
ID012,ZEN,5,4,NEGX_POSY,881.900012,592.586994,-22.5321
ID012,ZEN,5,4,NEGX_NEGY,-10.309,592.67199,-24.0048
ID012,ZEN,5,4,POSX_NEGY,-12.5899,1183.939934,-15.4844
ID013,KIB,1,3,POSX_POSY,881.586969,582.143962,-22.814199
ID013,KIB,1,3,NEGX_POSY,883.545995,-8.73839,-24.3426
ID013,KIB,1,3,NEGX_NEGY,-10.6161,-9.97326,-25.508199
ID013,KIB,1,3,POSX_NEGY,-10.849399,583.590031,-24.071699
ID013,KIB,1,4,POSX_POSY,880.412996,1186.469913,-14.4678
ID013,KIB,1,4,NEGX_POSY,881.900012,592.586994,-22.5321
ID013,KIB,1,4,NEGX_NEGY,-10.309,592.67199,-24.0048
ID013,KIB,1,4,POSX_NEGY,-12.5899,1183.939934,-15.4844
ID013,KIB,2,3,POSX_POSY,881.586969,582.143962,-22.814199
ID013,KIB,2,3,NEGX_POSY,883.545995,-8.73839,-24.3426
ID013,KIB,2,3,NEGX_NEGY,-10.6161,-9.97326,-25.508199
ID013,KIB,2,3,POSX_NEGY,-10.849399,583.590031,-24.071699
ID013,KIB,2,4,POSX_POSY,880.412996,1186.469913,-14.4678
ID013,KIB,2,4,NEGX_POSY,881.900012,592.586994,-22.5321
ID013,KIB,2,4,NEGX_NEGY,-10.309,592.67199,-24.0048
ID013,KIB,2,4,POSX_NEGY,-12.5899,1183.939934,-15.4844
ID013,KIB,3,3,POSX_POSY,881.586969,582.143962,-22.814199
ID013,KIB,3,3,NEGX_POSY,883.545995,-8.73839,-24.3426
ID013,KIB,3,3,NEGX_NEGY,-10.6161,-9.97326,-25.508199
ID013,KIB,3,3,POSX_NEGY,-10.849399,583.590031,-24.071699
ID013,KIB,3,4,POSX_POSY,880.412996,1186.469913,-14.4678
ID013,KIB,3,4,NEGX_POSY,881.900012,592.586994,-22.5321
ID013,KIB,3,4,NEGX_NEGY,-10.309,592.67199,-24.0048
ID013,KIB,3,4,POSX_NEGY,-12.5899,1183.939934,-15.4844
ID013,KIB,4,3,POSX_POSY,881.586969,582.143962,-22.814199
ID013,KIB,4,3,NEGX_POSY,883.545995,-8.73839,-24.3426
ID013,KIB,4,3,NEGX_NEGY,-10.6161,-9.97326,-25.508199
ID013,KIB,4,3,POSX_NEGY,-10.849399,583.590031,-24.071699
ID013,KIB,4,4,POSX_POSY,880.412996,1186.469913,-14.4678
ID013,KIB,4,4,NEGX_POSY,881.900012,592.586994,-22.5321
ID013,KIB,4,4,NEGX_NEGY,-10.309,592.67199,-24.0048
ID013,KIB,4,4,POSX_NEGY,-12.5899,1183.939934,-15.4844
ID013,KIB,5,3,POSX_POSY,881.586969,582.143962,-22.814199
ID013,KIB,5,3,NEGX_POSY,883.545995,-8.73839,-24.3426
ID013,KIB,5,3,NEGX_NEGY,-10.6161,-9.97326,-25.508199
ID013,KIB,5,3,POSX_NEGY,-10.849399,583.590031,-24.071699
ID013,KIB,5,4,POSX_POSY,880.412996,1186.469913,-14.4678
ID013,KIB,5,4,NEGX_POSY,881.900012,592.586994,-22.5321
ID013,KIB,5,4,NEGX_NEGY,-10.309,592.67199,-24.0048
ID013,KIB,5,4,POSX_NEGY,-12.5899,1183.939934,-15.4844
ID013,KOK,1,3,POSX_POSY,881.586969,582.143962,-22.814199
ID013,KOK,1,3,NEGX_POSY,883.545995,-8.73839,-24.3426
ID013,KOK,1,3,NEGX_NEGY,-10.6161,-9.97326,-25.508199
ID013,KOK,1,3,POSX_NEGY,-10.849399,583.590031,-24.071699
ID013,KOK,1,4,POSX_POSY,880.412996,1186.469913,-14.4678
ID013,KOK,1,4,NEGX_POSY,881.900012,592.586994,-22.5321
ID013,KOK,1,4,NEGX_NEGY,-10.309,592.67199,-24.0048
ID013,KOK,1,4,POSX_NEGY,-12.5899,1183.939934,-15.4844
ID013,KOK,2,3,POSX_POSY,881.586969,582.143962,-22.814199
ID013,KOK,2,3,NEGX_POSY,883.545995,-8.73839,-24.3426
ID013,KOK,2,3,NEGX_NEGY,-10.6161,-9.97326,-25.508199
ID013,KOK,2,3,POSX_NEGY,-10.849399,583.590031,-24.071699
ID013,KOK,2,4,POSX_POSY,880.412996,1186.469913,-14.4678
ID013,KOK,2,4,NEGX_POSY,881.900012,592.586994,-22.5321
ID013,KOK,2,4,NEGX_NEGY,-10.309,592.67199,-24.0048
ID013,KOK,2,4,POSX_NEGY,-12.5899,1183.939934,-15.4844
ID013,KOK,3,3,POSX_POSY,881.586969,582.143962,-22.814199
ID013,KOK,3,3,NEGX_POSY,883.545995,-8.73839,-24.3426
ID013,KOK,3,3,NEGX_NEGY,-10.6161,-9.97326,-25.508199
ID013,KOK,3,3,POSX_NEGY,-10.849399,583.590031,-24.071699
ID013,KOK,3,4,POSX_POSY,880.412996,1186.469913,-14.4678
ID013,KOK,3,4,NEGX_POSY,881.900012,592.586994,-22.5321
ID013,KOK,3,4,NEGX_NEGY,-10.309,592.67199,-24.0048
ID013,KOK,3,4,POSX_NEGY,-12.5899,1183.939934,-15.4844
ID013,KOK,4,3,POSX_POSY,881.586969,582.143962,-22.814199
ID013,KOK,4,3,NEGX_POSY,883.545995,-8.73839,-24.3426
ID013,KOK,4,3,NEGX_NEGY,-10.6161,-9.97326,-25.508199
ID013,KOK,4,3,POSX_NEGY,-10.849399,583.590031,-24.071699
ID013,KOK,4,4,POSX_POSY,880.412996,1186.469913,-14.4678
ID013,KOK,4,4,NEGX_POSY,881.900012,592.586994,-22.5321
ID013,KOK,4,4,NEGX_NEGY,-10.309,592.67199,-24.0048
ID013,KOK,4,4,POSX_NEGY,-12.5899,1183.939934,-15.4844
ID013,KOK,5,3,POSX_POSY,881.586969,582.143962,-22.814199
ID013,KOK,5,3,NEGX_POSY,883.545995,-8.73839,-24.3426
ID013,KOK,5,3,NEGX_NEGY,-10.6161,-9.97326,-25.508199
ID013,KOK,5,3,POSX_NEGY,-10.849399,583.590031,-24.071699
ID013,KOK,5,4,POSX_POSY,880.412996,1186.469913,-14.4678
ID013,KOK,5,4,NEGX_POSY,881.900012,592.586994,-22.5321
ID013,KOK,5,4,NEGX_NEGY,-10.309,592.67199,-24.0048
ID013,KOK,5,4,POSX_NEGY,-12.5899,1183.939934,-15.4844
ID013,STATIC,1,3,POSX_POSY,881.586969,582.143962,-22.814199
ID013,STATIC,1,3,NEGX_POSY,883.545995,-8.73839,-24.3426
ID013,STATIC,1,3,NEGX_NEGY,-10.6161,-9.97326,-25.508199
ID013,STATIC,1,3,POSX_NEGY,-10.849399,583.590031,-24.071699
ID013,STATIC,1,4,POSX_POSY,880.412996,1186.469913,-14.4678
ID013,STATIC,1,4,NEGX_POSY,881.900012,592.586994,-22.5321
ID013,STATIC,1,4,NEGX_NEGY,-10.309,592.67199,-24.0048
ID013,STATIC,1,4,POSX_NEGY,-12.5899,1183.939934,-15.4844
ID013,ZEN,1,3,POSX_POSY,881.586969,582.143962,-22.814199
ID013,ZEN,1,3,NEGX_POSY,883.545995,-8.73839,-24.3426
ID013,ZEN,1,3,NEGX_NEGY,-10.6161,-9.97326,-25.508199
ID013,ZEN,1,3,POSX_NEGY,-10.849399,583.590031,-24.071699
ID013,ZEN,1,4,POSX_POSY,880.412996,1186.469913,-14.4678
ID013,ZEN,1,4,NEGX_POSY,881.900012,592.586994,-22.5321
ID013,ZEN,1,4,NEGX_NEGY,-10.309,592.67199,-24.0048
ID013,ZEN,1,4,POSX_NEGY,-12.5899,1183.939934,-15.4844
ID013,ZEN,2,3,POSX_POSY,881.586969,582.143962,-22.814199
ID013,ZEN,2,3,NEGX_POSY,883.545995,-8.73839,-24.3426
ID013,ZEN,2,3,NEGX_NEGY,-10.6161,-9.97326,-25.508199
ID013,ZEN,2,3,POSX_NEGY,-10.849399,583.590031,-24.071699
ID013,ZEN,2,4,POSX_POSY,880.412996,1186.469913,-14.4678
ID013,ZEN,2,4,NEGX_POSY,881.900012,592.586994,-22.5321
ID013,ZEN,2,4,NEGX_NEGY,-10.309,592.67199,-24.0048
ID013,ZEN,2,4,POSX_NEGY,-12.5899,1183.939934,-15.4844
ID013,ZEN,3,3,POSX_POSY,881.586969,582.143962,-22.814199
ID013,ZEN,3,3,NEGX_POSY,883.545995,-8.73839,-24.3426
ID013,ZEN,3,3,NEGX_NEGY,-10.6161,-9.97326,-25.508199
ID013,ZEN,3,3,POSX_NEGY,-10.849399,583.590031,-24.071699
ID013,ZEN,3,4,POSX_POSY,880.412996,1186.469913,-14.4678
ID013,ZEN,3,4,NEGX_POSY,881.900012,592.586994,-22.5321
ID013,ZEN,3,4,NEGX_NEGY,-10.309,592.67199,-24.0048
ID013,ZEN,3,4,POSX_NEGY,-12.5899,1183.939934,-15.4844
ID013,ZEN,4,3,POSX_POSY,881.586969,582.143962,-22.814199
ID013,ZEN,4,3,NEGX_POSY,883.545995,-8.73839,-24.3426
ID013,ZEN,4,3,NEGX_NEGY,-10.6161,-9.97326,-25.508199
ID013,ZEN,4,3,POSX_NEGY,-10.849399,583.590031,-24.071699
ID013,ZEN,4,4,POSX_POSY,880.412996,1186.469913,-14.4678
ID013,ZEN,4,4,NEGX_POSY,881.900012,592.586994,-22.5321
ID013,ZEN,4,4,NEGX_NEGY,-10.309,592.67199,-24.0048
ID013,ZEN,4,4,POSX_NEGY,-12.5899,1183.939934,-15.4844
ID013,ZEN,5,3,POSX_POSY,881.586969,582.143962,-22.814199
ID013,ZEN,5,3,NEGX_POSY,883.545995,-8.73839,-24.3426
ID013,ZEN,5,3,NEGX_NEGY,-10.6161,-9.97326,-25.508199
ID013,ZEN,5,3,POSX_NEGY,-10.849399,583.590031,-24.071699
ID013,ZEN,5,4,POSX_POSY,880.412996,1186.469913,-14.4678
ID013,ZEN,5,4,NEGX_POSY,881.900012,592.586994,-22.5321
ID013,ZEN,5,4,NEGX_NEGY,-10.309,592.67199,-24.0048
ID013,ZEN,5,4,POSX_NEGY,-12.5899,1183.939934,-15.4844
ID014,KIB,1,3,POSX_POSY,881.586969,582.143962,-22.814199
ID014,KIB,1,3,NEGX_POSY,883.545995,-8.73839,-24.3426
ID014,KIB,1,3,NEGX_NEGY,-10.6161,-9.97326,-25.508199
ID014,KIB,1,3,POSX_NEGY,-10.849399,583.590031,-24.071699
ID014,KIB,1,4,POSX_POSY,880.412996,1186.469913,-14.4678
ID014,KIB,1,4,NEGX_POSY,881.900012,592.586994,-22.5321
ID014,KIB,1,4,NEGX_NEGY,-10.309,592.67199,-24.0048
ID014,KIB,1,4,POSX_NEGY,-12.5899,1183.939934,-15.4844
ID014,KIB,2,3,POSX_POSY,881.586969,582.143962,-22.814199
ID014,KIB,2,3,NEGX_POSY,883.545995,-8.73839,-24.3426
ID014,KIB,2,3,NEGX_NEGY,-10.6161,-9.97326,-25.508199
ID014,KIB,2,3,POSX_NEGY,-10.849399,583.590031,-24.071699
ID014,KIB,2,4,POSX_POSY,880.412996,1186.469913,-14.4678
ID014,KIB,2,4,NEGX_POSY,881.900012,592.586994,-22.5321
ID014,KIB,2,4,NEGX_NEGY,-10.309,592.67199,-24.0048
ID014,KIB,2,4,POSX_NEGY,-12.5899,1183.939934,-15.4844
ID014,KIB,3,3,POSX_POSY,881.586969,582.143962,-22.814199
ID014,KIB,3,3,NEGX_POSY,883.545995,-8.73839,-24.3426
ID014,KIB,3,3,NEGX_NEGY,-10.6161,-9.97326,-25.508199
ID014,KIB,3,3,POSX_NEGY,-10.849399,583.590031,-24.071699
ID014,KIB,3,4,POSX_POSY,880.412996,1186.469913,-14.4678
ID014,KIB,3,4,NEGX_POSY,881.900012,592.586994,-22.5321
ID014,KIB,3,4,NEGX_NEGY,-10.309,592.67199,-24.0048
ID014,KIB,3,4,POSX_NEGY,-12.5899,1183.939934,-15.4844
ID014,KIB,4,3,POSX_POSY,881.586969,582.143962,-22.814199
ID014,KIB,4,3,NEGX_POSY,883.545995,-8.73839,-24.3426
ID014,KIB,4,3,NEGX_NEGY,-10.6161,-9.97326,-25.508199
ID014,KIB,4,3,POSX_NEGY,-10.849399,583.590031,-24.071699
ID014,KIB,4,4,POSX_POSY,880.412996,1186.469913,-14.4678
ID014,KIB,4,4,NEGX_POSY,881.900012,592.586994,-22.5321
ID014,KIB,4,4,NEGX_NEGY,-10.309,592.67199,-24.0048
ID014,KIB,4,4,POSX_NEGY,-12.5899,1183.939934,-15.4844
ID014,KIB,5,3,POSX_POSY,881.586969,582.143962,-22.814199
ID014,KIB,5,3,NEGX_POSY,883.545995,-8.73839,-24.3426
ID014,KIB,5,3,NEGX_NEGY,-10.6161,-9.97326,-25.508199
ID014,KIB,5,3,POSX_NEGY,-10.849399,583.590031,-24.071699
ID014,KIB,5,4,POSX_POSY,880.412996,1186.469913,-14.4678
ID014,KIB,5,4,NEGX_POSY,881.900012,592.586994,-22.5321
ID014,KIB,5,4,NEGX_NEGY,-10.309,592.67199,-24.0048
ID014,KIB,5,4,POSX_NEGY,-12.5899,1183.939934,-15.4844
ID014,KOK,1,3,POSX_POSY,881.586969,582.143962,-22.814199
ID014,KOK,1,3,NEGX_POSY,883.545995,-8.73839,-24.3426
ID014,KOK,1,3,NEGX_NEGY,-10.6161,-9.97326,-25.508199
ID014,KOK,1,3,POSX_NEGY,-10.849399,583.590031,-24.071699
ID014,KOK,1,4,POSX_POSY,880.412996,1186.469913,-14.4678
ID014,KOK,1,4,NEGX_POSY,881.900012,592.586994,-22.5321
ID014,KOK,1,4,NEGX_NEGY,-10.309,592.67199,-24.0048
ID014,KOK,1,4,POSX_NEGY,-12.5899,1183.939934,-15.4844
ID014,KOK,2,3,POSX_POSY,881.586969,582.143962,-22.814199
ID014,KOK,2,3,NEGX_POSY,883.545995,-8.73839,-24.3426
ID014,KOK,2,3,NEGX_NEGY,-10.6161,-9.97326,-25.508199
ID014,KOK,2,3,POSX_NEGY,-10.849399,583.590031,-24.071699
ID014,KOK,2,4,POSX_POSY,880.412996,1186.469913,-14.4678
ID014,KOK,2,4,NEGX_POSY,881.900012,592.586994,-22.5321
ID014,KOK,2,4,NEGX_NEGY,-10.309,592.67199,-24.0048
ID014,KOK,2,4,POSX_NEGY,-12.5899,1183.939934,-15.4844
ID014,KOK,3,3,POSX_POSY,881.586969,582.143962,-22.814199
ID014,KOK,3,3,NEGX_POSY,883.545995,-8.73839,-24.3426
ID014,KOK,3,3,NEGX_NEGY,-10.6161,-9.97326,-25.508199
ID014,KOK,3,3,POSX_NEGY,-10.849399,583.590031,-24.071699
ID014,KOK,3,4,POSX_POSY,880.412996,1186.469913,-14.4678
ID014,KOK,3,4,NEGX_POSY,881.900012,592.586994,-22.5321
ID014,KOK,3,4,NEGX_NEGY,-10.309,592.67199,-24.0048
ID014,KOK,3,4,POSX_NEGY,-12.5899,1183.939934,-15.4844
ID014,KOK,4,3,POSX_POSY,881.586969,582.143962,-22.814199
ID014,KOK,4,3,NEGX_POSY,883.545995,-8.73839,-24.3426
ID014,KOK,4,3,NEGX_NEGY,-10.6161,-9.97326,-25.508199
ID014,KOK,4,3,POSX_NEGY,-10.849399,583.590031,-24.071699
ID014,KOK,4,4,POSX_POSY,880.412996,1186.469913,-14.4678
ID014,KOK,4,4,NEGX_POSY,881.900012,592.586994,-22.5321
ID014,KOK,4,4,NEGX_NEGY,-10.309,592.67199,-24.0048
ID014,KOK,4,4,POSX_NEGY,-12.5899,1183.939934,-15.4844
ID014,KOK,5,3,POSX_POSY,881.586969,582.143962,-22.814199
ID014,KOK,5,3,NEGX_POSY,883.545995,-8.73839,-24.3426
ID014,KOK,5,3,NEGX_NEGY,-10.6161,-9.97326,-25.508199
ID014,KOK,5,3,POSX_NEGY,-10.849399,583.590031,-24.071699
ID014,KOK,5,4,POSX_POSY,880.412996,1186.469913,-14.4678
ID014,KOK,5,4,NEGX_POSY,881.900012,592.586994,-22.5321
ID014,KOK,5,4,NEGX_NEGY,-10.309,592.67199,-24.0048
ID014,KOK,5,4,POSX_NEGY,-12.5899,1183.939934,-15.4844
ID014,STATIC,1,3,POSX_POSY,881.586969,582.143962,-22.814199
ID014,STATIC,1,3,NEGX_POSY,883.545995,-8.73839,-24.3426
ID014,STATIC,1,3,NEGX_NEGY,-10.6161,-9.97326,-25.508199
ID014,STATIC,1,3,POSX_NEGY,-10.849399,583.590031,-24.071699
ID014,STATIC,1,4,POSX_POSY,880.412996,1186.469913,-14.4678
ID014,STATIC,1,4,NEGX_POSY,881.900012,592.586994,-22.5321
ID014,STATIC,1,4,NEGX_NEGY,-10.309,592.67199,-24.0048
ID014,STATIC,1,4,POSX_NEGY,-12.5899,1183.939934,-15.4844
ID014,ZEN,1,3,POSX_POSY,881.586969,582.143962,-22.814199
ID014,ZEN,1,3,NEGX_POSY,883.545995,-8.73839,-24.3426
ID014,ZEN,1,3,NEGX_NEGY,-10.6161,-9.97326,-25.508199
ID014,ZEN,1,3,POSX_NEGY,-10.849399,583.590031,-24.071699
ID014,ZEN,1,4,POSX_POSY,880.412996,1186.469913,-14.4678
ID014,ZEN,1,4,NEGX_POSY,881.900012,592.586994,-22.5321
ID014,ZEN,1,4,NEGX_NEGY,-10.309,592.67199,-24.0048
ID014,ZEN,1,4,POSX_NEGY,-12.5899,1183.939934,-15.4844
ID014,ZEN,2,3,POSX_POSY,881.586969,582.143962,-22.814199
ID014,ZEN,2,3,NEGX_POSY,883.545995,-8.73839,-24.3426
ID014,ZEN,2,3,NEGX_NEGY,-10.6161,-9.97326,-25.508199
ID014,ZEN,2,3,POSX_NEGY,-10.849399,583.590031,-24.071699
ID014,ZEN,2,4,POSX_POSY,880.412996,1186.469913,-14.4678
ID014,ZEN,2,4,NEGX_POSY,881.900012,592.586994,-22.5321
ID014,ZEN,2,4,NEGX_NEGY,-10.309,592.67199,-24.0048
ID014,ZEN,2,4,POSX_NEGY,-12.5899,1183.939934,-15.4844
ID014,ZEN,3,3,POSX_POSY,881.586969,582.143962,-22.814199
ID014,ZEN,3,3,NEGX_POSY,883.545995,-8.73839,-24.3426
ID014,ZEN,3,3,NEGX_NEGY,-10.6161,-9.97326,-25.508199
ID014,ZEN,3,3,POSX_NEGY,-10.849399,583.590031,-24.071699
ID014,ZEN,3,4,POSX_POSY,880.412996,1186.469913,-14.4678
ID014,ZEN,3,4,NEGX_POSY,881.900012,592.586994,-22.5321
ID014,ZEN,3,4,NEGX_NEGY,-10.309,592.67199,-24.0048
ID014,ZEN,3,4,POSX_NEGY,-12.5899,1183.939934,-15.4844
ID014,ZEN,4,3,POSX_POSY,881.586969,582.143962,-22.814199
ID014,ZEN,4,3,NEGX_POSY,883.545995,-8.73839,-24.3426
ID014,ZEN,4,3,NEGX_NEGY,-10.6161,-9.97326,-25.508199
ID014,ZEN,4,3,POSX_NEGY,-10.849399,583.590031,-24.071699
ID014,ZEN,4,4,POSX_POSY,880.412996,1186.469913,-14.4678
ID014,ZEN,4,4,NEGX_POSY,881.900012,592.586994,-22.5321
ID014,ZEN,4,4,NEGX_NEGY,-10.309,592.67199,-24.0048
ID014,ZEN,4,4,POSX_NEGY,-12.5899,1183.939934,-15.4844
ID014,ZEN,5,3,POSX_POSY,881.586969,582.143962,-22.814199
ID014,ZEN,5,3,NEGX_POSY,883.545995,-8.73839,-24.3426
ID014,ZEN,5,3,NEGX_NEGY,-10.6161,-9.97326,-25.508199
ID014,ZEN,5,3,POSX_NEGY,-10.849399,583.590031,-24.071699
ID014,ZEN,5,4,POSX_POSY,880.412996,1186.469913,-14.4678
ID014,ZEN,5,4,NEGX_POSY,881.900012,592.586994,-22.5321
ID014,ZEN,5,4,NEGX_NEGY,-10.309,592.67199,-24.0048
ID014,ZEN,5,4,POSX_NEGY,-12.5899,1183.939934,-15.4844
