subject,base,trial,n_samples,rate_hz,duration_s,has_plate_3,has_plate_4,n_plates,source_path_3,source_path_4,kuk_alias_applied
ID003,KIB,1,7750,1000.0,8.999,True,True,2,/Users/judo365/Documents/MASTER ESPORTES/MESTRADO/Artigos/DATASET/Kinetic/ID003_KIB_T1_f_3.tsv,/Users/judo365/Documents/MASTER ESPORTES/MESTRADO/Artigos/DATASET/Kinetic/ID003_KIB_T1_f_4.tsv,False
ID003,KIB,2,9000,1000.0,8.999,True,True,2,/Users/judo365/Documents/MASTER ESPORTES/MESTRADO/Artigos/DATASET/Kinetic/ID003_KIB_T2_f_3.tsv,/Users/judo365/Documents/MASTER ESPORTES/MESTRADO/Artigos/DATASET/Kinetic/ID003_KIB_T2_f_4.tsv,False
ID003,KIB,3,9000,1000.0,8.999,True,True,2,/Users/judo365/Documents/MASTER ESPORTES/MESTRADO/Artigos/DATASET/Kinetic/ID003_KIB_T3_f_3.tsv,/Users/judo365/Documents/MASTER ESPORTES/MESTRADO/Artigos/DATASET/Kinetic/ID003_KIB_T3_f_4.tsv,False
ID003,KIB,4,9000,1000.0,8.999,True,True,2,/Users/judo365/Documents/MASTER ESPORTES/MESTRADO/Artigos/DATASET/Kinetic/ID003_KIB_T4_f_3.tsv,/Users/judo365/Documents/MASTER ESPORTES/MESTRADO/Artigos/DATASET/Kinetic/ID003_KIB_T4_f_4.tsv,False
ID003,KIB,5,9000,1000.0,8.999,True,True,2,/Users/judo365/Documents/MASTER ESPORTES/MESTRADO/Artigos/DATASET/Kinetic/ID003_KIB_T5_f_3.tsv,/Users/judo365/Documents/MASTER ESPORTES/MESTRADO/Artigos/DATASET/Kinetic/ID003_KIB_T5_f_4.tsv,False
ID003,KOK,1,9000,1000.0,8.999,True,True,2,/Users/judo365/Documents/MASTER ESPORTES/MESTRADO/Artigos/DATASET/Kinetic/ID003_KOK_T1_f_3.tsv,/Users/judo365/Documents/MASTER ESPORTES/MESTRADO/Artigos/DATASET/Kinetic/ID003_KOK_T1_f_4.tsv,False
ID003,KOK,2,9000,1000.0,8.999,True,True,2,/Users/judo365/Documents/MASTER ESPORTES/MESTRADO/Artigos/DATASET/Kinetic/ID003_KOK_T2_f_3.tsv,/Users/judo365/Documents/MASTER ESPORTES/MESTRADO/Artigos/DATASET/Kinetic/ID003_KOK_T2_f_4.tsv,False
ID003,KOK,3,9000,1000.0,8.999,False,True,1,,/Users/judo365/Documents/MASTER ESPORTES/MESTRADO/Artigos/DATASET/Kinetic/ID003_KOK_T3_f_4.tsv,False
ID003,KOK,4,9000,1000.0,8.999,True,True,2,/Users/judo365/Documents/MASTER ESPORTES/MESTRADO/Artigos/DATASET/Kinetic/ID003_KOK_T4_f_3.tsv,/Users/judo365/Documents/MASTER ESPORTES/MESTRADO/Artigos/DATASET/Kinetic/ID003_KOK_T4_f_4.tsv,False
ID003,KOK,5,9000,1000.0,8.999,True,True,2,/Users/judo365/Documents/MASTER ESPORTES/MESTRADO/Artigos/DATASET/Kinetic/ID003_KOK_T5_f_3.tsv,/Users/judo365/Documents/MASTER ESPORTES/MESTRADO/Artigos/DATASET/Kinetic/ID003_KOK_T5_f_4.tsv,False
ID003,STATIC,1,2000,1000.0,1.999,True,True,2,/Users/judo365/Documents/MASTER ESPORTES/MESTRADO/Artigos/DATASET/Kinetic/ID003_STATIC_T1_f_3.tsv,/Users/judo365/Documents/MASTER ESPORTES/MESTRADO/Artigos/DATASET/Kinetic/ID003_STATIC_T1_f_4.tsv,False
ID003,ZEN,1,9000,1000.0,8.999,True,True,2,/Users/judo365/Documents/MASTER ESPORTES/MESTRADO/Artigos/DATASET/Kinetic/ID003_ZEN_T1_f_3.tsv,/Users/judo365/Documents/MASTER ESPORTES/MESTRADO/Artigos/DATASET/Kinetic/ID003_ZEN_T1_f_4.tsv,False
ID003,ZEN,2,9000,1000.0,8.999,True,True,2,/Users/judo365/Documents/MASTER ESPORTES/MESTRADO/Artigos/DATASET/Kinetic/ID003_ZEN_T2_f_3.tsv,/Users/judo365/Documents/MASTER ESPORTES/MESTRADO/Artigos/DATASET/Kinetic/ID003_ZEN_T2_f_4.tsv,False
ID003,ZEN,3,9000,1000.0,8.999,True,True,2,/Users/judo365/Documents/MASTER ESPORTES/MESTRADO/Artigos/DATASET/Kinetic/ID003_ZEN_T3_f_3.tsv,/Users/judo365/Documents/MASTER ESPORTES/MESTRADO/Artigos/DATASET/Kinetic/ID003_ZEN_T3_f_4.tsv,False
ID003,ZEN,4,9000,1000.0,8.999,True,True,2,/Users/judo365/Documents/MASTER ESPORTES/MESTRADO/Artigos/DATASET/Kinetic/ID003_ZEN_T4_f_3.tsv,/Users/judo365/Documents/MASTER ESPORTES/MESTRADO/Artigos/DATASET/Kinetic/ID003_ZEN_T4_f_4.tsv,False
ID003,ZEN,5,9000,1000.0,8.999,True,True,2,/Users/judo365/Documents/MASTER ESPORTES/MESTRADO/Artigos/DATASET/Kinetic/ID003_ZEN_T5_f_3.tsv,/Users/judo365/Documents/MASTER ESPORTES/MESTRADO/Artigos/DATASET/Kinetic/ID003_ZEN_T5_f_4.tsv,False
ID004,KIB,1,9000,1000.0,8.999,True,True,2,/Users/judo365/Documents/MASTER ESPORTES/MESTRADO/Artigos/DATASET/Kinetic/ID004_KIB_T1_f_3.tsv,/Users/judo365/Documents/MASTER ESPORTES/MESTRADO/Artigos/DATASET/Kinetic/ID004_KIB_T1_f_4.tsv,False
ID004,KIB,2,9000,1000.0,8.999,True,True,2,/Users/judo365/Documents/MASTER ESPORTES/MESTRADO/Artigos/DATASET/Kinetic/ID004_KIB_T2_f_3.tsv,/Users/judo365/Documents/MASTER ESPORTES/MESTRADO/Artigos/DATASET/Kinetic/ID004_KIB_T2_f_4.tsv,False
ID004,KIB,3,9000,1000.0,8.999,True,True,2,/Users/judo365/Documents/MASTER ESPORTES/MESTRADO/Artigos/DATASET/Kinetic/ID004_KIB_T3_f_3.tsv,/Users/judo365/Documents/MASTER ESPORTES/MESTRADO/Artigos/DATASET/Kinetic/ID004_KIB_T3_f_4.tsv,False
ID004,KIB,4,9000,1000.0,8.999,True,True,2,/Users/judo365/Documents/MASTER ESPORTES/MESTRADO/Artigos/DATASET/Kinetic/ID004_KIB_T4_f_3.tsv,/Users/judo365/Documents/MASTER ESPORTES/MESTRADO/Artigos/DATASET/Kinetic/ID004_KIB_T4_f_4.tsv,False
ID004,KIB,5,9000,1000.0,8.999,True,True,2,/Users/judo365/Documents/MASTER ESPORTES/MESTRADO/Artigos/DATASET/Kinetic/ID004_KIB_T5_f_3.tsv,/Users/judo365/Documents/MASTER ESPORTES/MESTRADO/Artigos/DATASET/Kinetic/ID004_KIB_T5_f_4.tsv,False
ID004,KOK,1,9000,1000.0,8.999,True,True,2,/Users/judo365/Documents/MASTER ESPORTES/MESTRADO/Artigos/DATASET/Kinetic/ID004_KOK_T1_f_3.tsv,/Users/judo365/Documents/MASTER ESPORTES/MESTRADO/Artigos/DATASET/Kinetic/ID004_KOK_T1_f_4.tsv,False
ID004,KOK,2,9000,1000.0,8.999,True,True,2,/Users/judo365/Documents/MASTER ESPORTES/MESTRADO/Artigos/DATASET/Kinetic/ID004_KOK_T2_f_3.tsv,/Users/judo365/Documents/MASTER ESPORTES/MESTRADO/Artigos/DATASET/Kinetic/ID004_KOK_T2_f_4.tsv,False
ID004,KOK,3,9000,1000.0,8.999,True,True,2,/Users/judo365/Documents/MASTER ESPORTES/MESTRADO/Artigos/DATASET/Kinetic/ID004_KOK_T3_f_3.tsv,/Users/judo365/Documents/MASTER ESPORTES/MESTRADO/Artigos/DATASET/Kinetic/ID004_KOK_T3_f_4.tsv,False
ID004,KOK,4,9000,1000.0,8.999,True,True,2,/Users/judo365/Documents/MASTER ESPORTES/MESTRADO/Artigos/DATASET/Kinetic/ID004_KOK_T4_f_3.tsv,/Users/judo365/Documents/MASTER ESPORTES/MESTRADO/Artigos/DATASET/Kinetic/ID004_KOK_T4_f_4.tsv,False
ID004,KOK,5,9000,1000.0,8.999,True,True,2,/Users/judo365/Documents/MASTER ESPORTES/MESTRADO/Artigos/DATASET/Kinetic/ID004_KOK_T5_f_3.tsv,/Users/judo365/Documents/MASTER ESPORTES/MESTRADO/Artigos/DATASET/Kinetic/ID004_KOK_T5_f_4.tsv,False
ID004,STATIC,1,2000,1000.0,1.999,True,True,2,/Users/judo365/Documents/MASTER ESPORTES/MESTRADO/Artigos/DATASET/Kinetic/ID004_STATIC_T1_f_3.tsv,/Users/judo365/Documents/MASTER ESPORTES/MESTRADO/Artigos/DATASET/Kinetic/ID004_STATIC_T1_f_4.tsv,False
ID004,ZEN,1,9000,1000.0,8.999,True,True,2,/Users/judo365/Documents/MASTER ESPORTES/MESTRADO/Artigos/DATASET/Kinetic/ID004_ZEN_T1_f_3.tsv,/Users/judo365/Documents/MASTER ESPORTES/MESTRADO/Artigos/DATASET/Kinetic/ID004_ZEN_T1_f_4.tsv,False
ID004,ZEN,2,9000,1000.0,8.999,True,True,2,/Users/judo365/Documents/MASTER ESPORTES/MESTRADO/Artigos/DATASET/Kinetic/ID004_ZEN_T2_f_3.tsv,/Users/judo365/Documents/MASTER ESPORTES/MESTRADO/Artigos/DATASET/Kinetic/ID004_ZEN_T2_f_4.tsv,False
ID004,ZEN,3,9000,1000.0,8.999,True,True,2,/Users/judo365/Documents/MASTER ESPORTES/MESTRADO/Artigos/DATASET/Kinetic/ID004_ZEN_T3_f_3.tsv,/Users/judo365/Documents/MASTER ESPORTES/MESTRADO/Artigos/DATASET/Kinetic/ID004_ZEN_T3_f_4.tsv,False
ID004,ZEN,4,9000,1000.0,8.999,True,True,2,/Users/judo365/Documents/MASTER ESPORTES/MESTRADO/Artigos/DATASET/Kinetic/ID004_ZEN_T4_f_3.tsv,/Users/judo365/Documents/MASTER ESPORTES/MESTRADO/Artigos/DATASET/Kinetic/ID004_ZEN_T4_f_4.tsv,False
ID004,ZEN,5,9000,1000.0,8.999,True,True,2,/Users/judo365/Documents/MASTER ESPORTES/MESTRADO/Artigos/DATASET/Kinetic/ID004_ZEN_T5_f_3.tsv,/Users/judo365/Documents/MASTER ESPORTES/MESTRADO/Artigos/DATASET/Kinetic/ID004_ZEN_T5_f_4.tsv,False
ID005,KIB,1,9000,1000.0,8.999,True,True,2,/Users/judo365/Documents/MASTER ESPORTES/MESTRADO/Artigos/DATASET/Kinetic/ID005_KIB_T1_f_3.tsv,/Users/judo365/Documents/MASTER ESPORTES/MESTRADO/Artigos/DATASET/Kinetic/ID005_KIB_T1_f_4.tsv,False
ID005,KIB,2,9000,1000.0,8.999,True,True,2,/Users/judo365/Documents/MASTER ESPORTES/MESTRADO/Artigos/DATASET/Kinetic/ID005_KIB_T2_f_3.tsv,/Users/judo365/Documents/MASTER ESPORTES/MESTRADO/Artigos/DATASET/Kinetic/ID005_KIB_T2_f_4.tsv,False
ID005,KIB,3,9000,1000.0,8.999,True,True,2,/Users/judo365/Documents/MASTER ESPORTES/MESTRADO/Artigos/DATASET/Kinetic/ID005_KIB_T3_f_3.tsv,/Users/judo365/Documents/MASTER ESPORTES/MESTRADO/Artigos/DATASET/Kinetic/ID005_KIB_T3_f_4.tsv,False
ID005,KIB,4,9000,1000.0,8.999,True,True,2,/Users/judo365/Documents/MASTER ESPORTES/MESTRADO/Artigos/DATASET/Kinetic/ID005_KIB_T4_f_3.tsv,/Users/judo365/Documents/MASTER ESPORTES/MESTRADO/Artigos/DATASET/Kinetic/ID005_KIB_T4_f_4.tsv,False
ID005,KIB,5,9000,1000.0,8.999,True,True,2,/Users/judo365/Documents/MASTER ESPORTES/MESTRADO/Artigos/DATASET/Kinetic/ID005_KIB_T5_f_3.tsv,/Users/judo365/Documents/MASTER ESPORTES/MESTRADO/Artigos/DATASET/Kinetic/ID005_KIB_T5_f_4.tsv,False
ID005,KOK,1,9000,1000.0,8.999,True,True,2,/Users/judo365/Documents/MASTER ESPORTES/MESTRADO/Artigos/DATASET/Kinetic/ID005_KOK_T1_f_3.tsv,/Users/judo365/Documents/MASTER ESPORTES/MESTRADO/Artigos/DATASET/Kinetic/ID005_KOK_T1_f_4.tsv,False
ID005,KOK,2,9000,1000.0,8.999,True,True,2,/Users/judo365/Documents/MASTER ESPORTES/MESTRADO/Artigos/DATASET/Kinetic/ID005_KOK_T2_f_3.tsv,/Users/judo365/Documents/MASTER ESPORTES/MESTRADO/Artigos/DATASET/Kinetic/ID005_KOK_T2_f_4.tsv,False
ID005,KOK,3,9000,1000.0,8.999,True,True,2,/Users/judo365/Documents/MASTER ESPORTES/MESTRADO/Artigos/DATASET/Kinetic/ID005_KOK_T3_f_3.tsv,/Users/judo365/Documents/MASTER ESPORTES/MESTRADO/Artigos/DATASET/Kinetic/ID005_KOK_T3_f_4.tsv,False
ID005,KOK,4,9000,1000.0,8.999,True,True,2,/Users/judo365/Documents/MASTER ESPORTES/MESTRADO/Artigos/DATASET/Kinetic/ID005_KOK_T4_f_3.tsv,/Users/judo365/Documents/MASTER ESPORTES/MESTRADO/Artigos/DATASET/Kinetic/ID005_KOK_T4_f_4.tsv,False
ID005,KOK,5,9000,1000.0,8.999,True,True,2,/Users/judo365/Documents/MASTER ESPORTES/MESTRADO/Artigos/DATASET/Kinetic/ID005_KOK_T5_f_3.tsv,/Users/judo365/Documents/MASTER ESPORTES/MESTRADO/Artigos/DATASET/Kinetic/ID005_KOK_T5_f_4.tsv,False
ID005,STATIC,1,2000,1000.0,1.999,True,True,2,/Users/judo365/Documents/MASTER ESPORTES/MESTRADO/Artigos/DATASET/Kinetic/ID005_STATIC_T1_f_3.tsv,/Users/judo365/Documents/MASTER ESPORTES/MESTRADO/Artigos/DATASET/Kinetic/ID005_STATIC_T1_f_4.tsv,False
ID005,ZEN,1,9000,1000.0,8.999,True,True,2,/Users/judo365/Documents/MASTER ESPORTES/MESTRADO/Artigos/DATASET/Kinetic/ID005_ZEN_T1_f_3.tsv,/Users/judo365/Documents/MASTER ESPORTES/MESTRADO/Artigos/DATASET/Kinetic/ID005_ZEN_T1_f_4.tsv,False
ID005,ZEN,2,9000,1000.0,8.999,True,True,2,/Users/judo365/Documents/MASTER ESPORTES/MESTRADO/Artigos/DATASET/Kinetic/ID005_ZEN_T2_f_3.tsv,/Users/judo365/Documents/MASTER ESPORTES/MESTRADO/Artigos/DATASET/Kinetic/ID005_ZEN_T2_f_4.tsv,False
ID005,ZEN,3,9000,1000.0,8.999,True,True,2,/Users/judo365/Documents/MASTER ESPORTES/MESTRADO/Artigos/DATASET/Kinetic/ID005_ZEN_T3_f_3.tsv,/Users/judo365/Documents/MASTER ESPORTES/MESTRADO/Artigos/DATASET/Kinetic/ID005_ZEN_T3_f_4.tsv,False
ID005,ZEN,4,9000,1000.0,8.999,True,True,2,/Users/judo365/Documents/MASTER ESPORTES/MESTRADO/Artigos/DATASET/Kinetic/ID005_ZEN_T4_f_3.tsv,/Users/judo365/Documents/MASTER ESPORTES/MESTRADO/Artigos/DATASET/Kinetic/ID005_ZEN_T4_f_4.tsv,False
ID005,ZEN,5,9000,1000.0,8.999,True,True,2,/Users/judo365/Documents/MASTER ESPORTES/MESTRADO/Artigos/DATASET/Kinetic/ID005_ZEN_T5_f_3.tsv,/Users/judo365/Documents/MASTER ESPORTES/MESTRADO/Artigos/DATASET/Kinetic/ID005_ZEN_T5_f_4.tsv,False
ID006,KIB,1,9000,1000.0,8.999,True,True,2,/Users/judo365/Documents/MASTER ESPORTES/MESTRADO/Artigos/DATASET/Kinetic/ID006_KIB_T1_f_3.tsv,/Users/judo365/Documents/MASTER ESPORTES/MESTRADO/Artigos/DATASET/Kinetic/ID006_KIB_T1_f_4.tsv,False
ID006,KIB,2,9000,1000.0,8.999,True,True,2,/Users/judo365/Documents/MASTER ESPORTES/MESTRADO/Artigos/DATASET/Kinetic/ID006_KIB_T2_f_3.tsv,/Users/judo365/Documents/MASTER ESPORTES/MESTRADO/Artigos/DATASET/Kinetic/ID006_KIB_T2_f_4.tsv,False
ID006,KIB,3,9000,1000.0,8.999,True,True,2,/Users/judo365/Documents/MASTER ESPORTES/MESTRADO/Artigos/DATASET/Kinetic/ID006_KIB_T3_f_3.tsv,/Users/judo365/Documents/MASTER ESPORTES/MESTRADO/Artigos/DATASET/Kinetic/ID006_KIB_T3_f_4.tsv,False
ID006,KIB,4,6700,1000.0,6.699,True,True,2,/Users/judo365/Documents/MASTER ESPORTES/MESTRADO/Artigos/DATASET/Kinetic/ID006_KIB_T4_f_3.tsv,/Users/judo365/Documents/MASTER ESPORTES/MESTRADO/Artigos/DATASET/Kinetic/ID006_KIB_T4_f_4.tsv,False
ID006,KIB,5,9000,1000.0,8.999,True,True,2,/Users/judo365/Documents/MASTER ESPORTES/MESTRADO/Artigos/DATASET/Kinetic/ID006_KIB_T5_f_3.tsv,/Users/judo365/Documents/MASTER ESPORTES/MESTRADO/Artigos/DATASET/Kinetic/ID006_KIB_T5_f_4.tsv,False
ID006,KOK,1,9000,1000.0,8.999,True,True,2,/Users/judo365/Documents/MASTER ESPORTES/MESTRADO/Artigos/DATASET/Kinetic/ID006_KOK_T1_f_3.tsv,/Users/judo365/Documents/MASTER ESPORTES/MESTRADO/Artigos/DATASET/Kinetic/ID006_KOK_T1_f_4.tsv,False
ID006,KOK,2,9000,1000.0,8.999,True,True,2,/Users/judo365/Documents/MASTER ESPORTES/MESTRADO/Artigos/DATASET/Kinetic/ID006_KOK_T2_f_3.tsv,/Users/judo365/Documents/MASTER ESPORTES/MESTRADO/Artigos/DATASET/Kinetic/ID006_KOK_T2_f_4.tsv,False
ID006,KOK,3,9000,1000.0,8.999,True,True,2,/Users/judo365/Documents/MASTER ESPORTES/MESTRADO/Artigos/DATASET/Kinetic/ID006_KOK_T3_f_3.tsv,/Users/judo365/Documents/MASTER ESPORTES/MESTRADO/Artigos/DATASET/Kinetic/ID006_KOK_T3_f_4.tsv,False
ID006,KOK,4,9000,1000.0,8.999,True,True,2,/Users/judo365/Documents/MASTER ESPORTES/MESTRADO/Artigos/DATASET/Kinetic/ID006_KOK_T4_f_3.tsv,/Users/judo365/Documents/MASTER ESPORTES/MESTRADO/Artigos/DATASET/Kinetic/ID006_KOK_T4_f_4.tsv,False
ID006,KOK,5,9000,1000.0,8.999,True,True,2,/Users/judo365/Documents/MASTER ESPORTES/MESTRADO/Artigos/DATASET/Kinetic/ID006_KOK_T5_f_3.tsv,/Users/judo365/Documents/MASTER ESPORTES/MESTRADO/Artigos/DATASET/Kinetic/ID006_KOK_T5_f_4.tsv,False
ID006,STATIC,1,2000,1000.0,1.999,True,True,2,/Users/judo365/Documents/MASTER ESPORTES/MESTRADO/Artigos/DATASET/Kinetic/ID006_STATIC_T1_f_3.tsv,/Users/judo365/Documents/MASTER ESPORTES/MESTRADO/Artigos/DATASET/Kinetic/ID006_STATIC_T1_f_4.tsv,False
ID006,ZEN,1,9000,1000.0,8.999,True,True,2,/Users/judo365/Documents/MASTER ESPORTES/MESTRADO/Artigos/DATASET/Kinetic/ID006_ZEN_T1_f_3.tsv,/Users/judo365/Documents/MASTER ESPORTES/MESTRADO/Artigos/DATASET/Kinetic/ID006_ZEN_T1_f_4.tsv,False
ID006,ZEN,2,9000,1000.0,8.999,True,True,2,/Users/judo365/Documents/MASTER ESPORTES/MESTRADO/Artigos/DATASET/Kinetic/ID006_ZEN_T2_f_3.tsv,/Users/judo365/Documents/MASTER ESPORTES/MESTRADO/Artigos/DATASET/Kinetic/ID006_ZEN_T2_f_4.tsv,False
ID006,ZEN,3,9000,1000.0,8.999,True,True,2,/Users/judo365/Documents/MASTER ESPORTES/MESTRADO/Artigos/DATASET/Kinetic/ID006_ZEN_T3_f_3.tsv,/Users/judo365/Documents/MASTER ESPORTES/MESTRADO/Artigos/DATASET/Kinetic/ID006_ZEN_T3_f_4.tsv,False
ID006,ZEN,4,9000,1000.0,8.999,True,True,2,/Users/judo365/Documents/MASTER ESPORTES/MESTRADO/Artigos/DATASET/Kinetic/ID006_ZEN_T4_f_3.tsv,/Users/judo365/Documents/MASTER ESPORTES/MESTRADO/Artigos/DATASET/Kinetic/ID006_ZEN_T4_f_4.tsv,False
ID006,ZEN,5,9000,1000.0,8.999,True,True,2,/Users/judo365/Documents/MASTER ESPORTES/MESTRADO/Artigos/DATASET/Kinetic/ID006_ZEN_T5_f_3.tsv,/Users/judo365/Documents/MASTER ESPORTES/MESTRADO/Artigos/DATASET/Kinetic/ID006_ZEN_T5_f_4.tsv,False
ID007,KIB,1,9000,1000.0,8.999,True,True,2,/Users/judo365/Documents/MASTER ESPORTES/MESTRADO/Artigos/DATASET/Kinetic/ID007_KIB_T1_f_3.tsv,/Users/judo365/Documents/MASTER ESPORTES/MESTRADO/Artigos/DATASET/Kinetic/ID007_KIB_T1_f_4.tsv,False
ID007,KIB,2,9000,1000.0,8.999,True,True,2,/Users/judo365/Documents/MASTER ESPORTES/MESTRADO/Artigos/DATASET/Kinetic/ID007_KIB_T2_f_3.tsv,/Users/judo365/Documents/MASTER ESPORTES/MESTRADO/Artigos/DATASET/Kinetic/ID007_KIB_T2_f_4.tsv,False
ID007,KIB,3,9000,1000.0,8.999,True,True,2,/Users/judo365/Documents/MASTER ESPORTES/MESTRADO/Artigos/DATASET/Kinetic/ID007_KIB_T3_f_3.tsv,/Users/judo365/Documents/MASTER ESPORTES/MESTRADO/Artigos/DATASET/Kinetic/ID007_KIB_T3_f_4.tsv,False
ID007,KIB,4,9000,1000.0,8.999,True,True,2,/Users/judo365/Documents/MASTER ESPORTES/MESTRADO/Artigos/DATASET/Kinetic/ID007_KIB_T4_f_3.tsv,/Users/judo365/Documents/MASTER ESPORTES/MESTRADO/Artigos/DATASET/Kinetic/ID007_KIB_T4_f_4.tsv,False
ID007,KIB,5,5400,1000.0,5.399,True,True,2,/Users/judo365/Documents/MASTER ESPORTES/MESTRADO/Artigos/DATASET/Kinetic/ID007_KIB_T5_f_3.tsv,/Users/judo365/Documents/MASTER ESPORTES/MESTRADO/Artigos/DATASET/Kinetic/ID007_KIB_T5_f_4.tsv,False
ID007,KOK,1,9000,1000.0,8.999,True,True,2,/Users/judo365/Documents/MASTER ESPORTES/MESTRADO/Artigos/DATASET/Kinetic/ID007_KOK_T1_f_3.tsv,/Users/judo365/Documents/MASTER ESPORTES/MESTRADO/Artigos/DATASET/Kinetic/ID007_KOK_T1_f_4.tsv,False
ID007,KOK,2,9000,1000.0,8.999,True,True,2,/Users/judo365/Documents/MASTER ESPORTES/MESTRADO/Artigos/DATASET/Kinetic/ID007_KOK_T2_f_3.tsv,/Users/judo365/Documents/MASTER ESPORTES/MESTRADO/Artigos/DATASET/Kinetic/ID007_KOK_T2_f_4.tsv,False
ID007,KOK,3,9000,1000.0,8.999,True,True,2,/Users/judo365/Documents/MASTER ESPORTES/MESTRADO/Artigos/DATASET/Kinetic/ID007_KOK_T3_f_3.tsv,/Users/judo365/Documents/MASTER ESPORTES/MESTRADO/Artigos/DATASET/Kinetic/ID007_KOK_T3_f_4.tsv,False
ID007,KOK,4,9000,1000.0,8.999,True,True,2,/Users/judo365/Documents/MASTER ESPORTES/MESTRADO/Artigos/DATASET/Kinetic/ID007_KOK_T4_f_3.tsv,/Users/judo365/Documents/MASTER ESPORTES/MESTRADO/Artigos/DATASET/Kinetic/ID007_KOK_T4_f_4.tsv,False
ID007,KOK,5,9000,1000.0,8.999,True,True,2,/Users/judo365/Documents/MASTER ESPORTES/MESTRADO/Artigos/DATASET/Kinetic/ID007_KOK_T5_f_3.tsv,/Users/judo365/Documents/MASTER ESPORTES/MESTRADO/Artigos/DATASET/Kinetic/ID007_KOK_T5_f_4.tsv,False
ID007,STATIC,1,2000,1000.0,1.999,True,True,2,/Users/judo365/Documents/MASTER ESPORTES/MESTRADO/Artigos/DATASET/Kinetic/ID007_STATIC_T1_f_3.tsv,/Users/judo365/Documents/MASTER ESPORTES/MESTRADO/Artigos/DATASET/Kinetic/ID007_STATIC_T1_f_4.tsv,False
ID007,ZEN,1,9000,1000.0,8.999,True,True,2,/Users/judo365/Documents/MASTER ESPORTES/MESTRADO/Artigos/DATASET/Kinetic/ID007_ZEN_T1_f_3.tsv,/Users/judo365/Documents/MASTER ESPORTES/MESTRADO/Artigos/DATASET/Kinetic/ID007_ZEN_T1_f_4.tsv,False
ID007,ZEN,2,9000,1000.0,8.999,True,True,2,/Users/judo365/Documents/MASTER ESPORTES/MESTRADO/Artigos/DATASET/Kinetic/ID007_ZEN_T2_f_3.tsv,/Users/judo365/Documents/MASTER ESPORTES/MESTRADO/Artigos/DATASET/Kinetic/ID007_ZEN_T2_f_4.tsv,False
ID007,ZEN,3,9000,1000.0,8.999,True,True,2,/Users/judo365/Documents/MASTER ESPORTES/MESTRADO/Artigos/DATASET/Kinetic/ID007_ZEN_T3_f_3.tsv,/Users/judo365/Documents/MASTER ESPORTES/MESTRADO/Artigos/DATASET/Kinetic/ID007_ZEN_T3_f_4.tsv,False
ID007,ZEN,4,9000,1000.0,8.999,True,True,2,/Users/judo365/Documents/MASTER ESPORTES/MESTRADO/Artigos/DATASET/Kinetic/ID007_ZEN_T4_f_3.tsv,/Users/judo365/Documents/MASTER ESPORTES/MESTRADO/Artigos/DATASET/Kinetic/ID007_ZEN_T4_f_4.tsv,False
ID007,ZEN,5,9000,1000.0,8.999,True,True,2,/Users/judo365/Documents/MASTER ESPORTES/MESTRADO/Artigos/DATASET/Kinetic/ID007_ZEN_T5_f_3.tsv,/Users/judo365/Documents/MASTER ESPORTES/MESTRADO/Artigos/DATASET/Kinetic/ID007_ZEN_T5_f_4.tsv,False
ID008,KIB,1,9000,1000.0,8.999,True,True,2,/Users/judo365/Documents/MASTER ESPORTES/MESTRADO/Artigos/DATASET/Kinetic/ID008_KIB_T1_f_3.tsv,/Users/judo365/Documents/MASTER ESPORTES/MESTRADO/Artigos/DATASET/Kinetic/ID008_KIB_T1_f_4.tsv,False
ID008,KIB,2,9000,1000.0,8.999,True,True,2,/Users/judo365/Documents/MASTER ESPORTES/MESTRADO/Artigos/DATASET/Kinetic/ID008_KIB_T2_f_3.tsv,/Users/judo365/Documents/MASTER ESPORTES/MESTRADO/Artigos/DATASET/Kinetic/ID008_KIB_T2_f_4.tsv,False
ID008,KIB,3,9000,1000.0,8.999,True,True,2,/Users/judo365/Documents/MASTER ESPORTES/MESTRADO/Artigos/DATASET/Kinetic/ID008_KIB_T3_f_3.tsv,/Users/judo365/Documents/MASTER ESPORTES/MESTRADO/Artigos/DATASET/Kinetic/ID008_KIB_T3_f_4.tsv,False
ID008,KIB,4,9000,1000.0,8.999,True,True,2,/Users/judo365/Documents/MASTER ESPORTES/MESTRADO/Artigos/DATASET/Kinetic/ID008_KIB_T4_f_3.tsv,/Users/judo365/Documents/MASTER ESPORTES/MESTRADO/Artigos/DATASET/Kinetic/ID008_KIB_T4_f_4.tsv,False
ID008,KIB,5,9000,1000.0,8.999,True,True,2,/Users/judo365/Documents/MASTER ESPORTES/MESTRADO/Artigos/DATASET/Kinetic/ID008_KIB_T5_f_3.tsv,/Users/judo365/Documents/MASTER ESPORTES/MESTRADO/Artigos/DATASET/Kinetic/ID008_KIB_T5_f_4.tsv,False
ID008,KOK,1,9000,1000.0,8.999,True,True,2,/Users/judo365/Documents/MASTER ESPORTES/MESTRADO/Artigos/DATASET/Kinetic/ID008_KOK_T1_f_3.tsv,/Users/judo365/Documents/MASTER ESPORTES/MESTRADO/Artigos/DATASET/Kinetic/ID008_KOK_T1_f_4.tsv,False
ID008,KOK,2,9000,1000.0,8.999,True,True,2,/Users/judo365/Documents/MASTER ESPORTES/MESTRADO/Artigos/DATASET/Kinetic/ID008_KOK_T2_f_3.tsv,/Users/judo365/Documents/MASTER ESPORTES/MESTRADO/Artigos/DATASET/Kinetic/ID008_KOK_T2_f_4.tsv,False
ID008,KOK,3,9000,1000.0,8.999,True,True,2,/Users/judo365/Documents/MASTER ESPORTES/MESTRADO/Artigos/DATASET/Kinetic/ID008_KOK_T3_f_3.tsv,/Users/judo365/Documents/MASTER ESPORTES/MESTRADO/Artigos/DATASET/Kinetic/ID008_KOK_T3_f_4.tsv,False
ID008,KOK,4,9000,1000.0,8.999,True,True,2,/Users/judo365/Documents/MASTER ESPORTES/MESTRADO/Artigos/DATASET/Kinetic/ID008_KOK_T4_f_3.tsv,/Users/judo365/Documents/MASTER ESPORTES/MESTRADO/Artigos/DATASET/Kinetic/ID008_KOK_T4_f_4.tsv,False
ID008,KOK,5,9000,1000.0,8.999,True,True,2,/Users/judo365/Documents/MASTER ESPORTES/MESTRADO/Artigos/DATASET/Kinetic/ID008_KOK_T5_f_3.tsv,/Users/judo365/Documents/MASTER ESPORTES/MESTRADO/Artigos/DATASET/Kinetic/ID008_KOK_T5_f_4.tsv,False
ID008,STATIC,1,2000,1000.0,1.999,True,True,2,/Users/judo365/Documents/MASTER ESPORTES/MESTRADO/Artigos/DATASET/Kinetic/ID008_STATIC_T1_f_3.tsv,/Users/judo365/Documents/MASTER ESPORTES/MESTRADO/Artigos/DATASET/Kinetic/ID008_STATIC_T1_f_4.tsv,False
ID008,ZEN,1,9000,1000.0,8.999,True,True,2,/Users/judo365/Documents/MASTER ESPORTES/MESTRADO/Artigos/DATASET/Kinetic/ID008_ZEN_T1_f_3.tsv,/Users/judo365/Documents/MASTER ESPORTES/MESTRADO/Artigos/DATASET/Kinetic/ID008_ZEN_T1_f_4.tsv,False
ID008,ZEN,2,9000,1000.0,8.999,True,True,2,/Users/judo365/Documents/MASTER ESPORTES/MESTRADO/Artigos/DATASET/Kinetic/ID008_ZEN_T2_f_3.tsv,/Users/judo365/Documents/MASTER ESPORTES/MESTRADO/Artigos/DATASET/Kinetic/ID008_ZEN_T2_f_4.tsv,False
ID008,ZEN,3,9000,1000.0,8.999,True,True,2,/Users/judo365/Documents/MASTER ESPORTES/MESTRADO/Artigos/DATASET/Kinetic/ID008_ZEN_T3_f_3.tsv,/Users/judo365/Documents/MASTER ESPORTES/MESTRADO/Artigos/DATASET/Kinetic/ID008_ZEN_T3_f_4.tsv,False
ID008,ZEN,4,9000,1000.0,8.999,True,True,2,/Users/judo365/Documents/MASTER ESPORTES/MESTRADO/Artigos/DATASET/Kinetic/ID008_ZEN_T4_f_3.tsv,/Users/judo365/Documents/MASTER ESPORTES/MESTRADO/Artigos/DATASET/Kinetic/ID008_ZEN_T4_f_4.tsv,False
ID008,ZEN,5,9000,1000.0,8.999,True,True,2,/Users/judo365/Documents/MASTER ESPORTES/MESTRADO/Artigos/DATASET/Kinetic/ID008_ZEN_T5_f_3.tsv,/Users/judo365/Documents/MASTER ESPORTES/MESTRADO/Artigos/DATASET/Kinetic/ID008_ZEN_T5_f_4.tsv,False
ID009,KIB,1,9000,1000.0,8.999,True,True,2,/Users/judo365/Documents/MASTER ESPORTES/MESTRADO/Artigos/DATASET/Kinetic/ID009_KIB_T1_f_3.tsv,/Users/judo365/Documents/MASTER ESPORTES/MESTRADO/Artigos/DATASET/Kinetic/ID009_KIB_T1_f_4.tsv,False
ID009,KIB,2,9000,1000.0,8.999,True,True,2,/Users/judo365/Documents/MASTER ESPORTES/MESTRADO/Artigos/DATASET/Kinetic/ID009_KIB_T2_f_3.tsv,/Users/judo365/Documents/MASTER ESPORTES/MESTRADO/Artigos/DATASET/Kinetic/ID009_KIB_T2_f_4.tsv,False
ID009,KIB,3,9000,1000.0,8.999,True,True,2,/Users/judo365/Documents/MASTER ESPORTES/MESTRADO/Artigos/DATASET/Kinetic/ID009_KIB_T3_f_3.tsv,/Users/judo365/Documents/MASTER ESPORTES/MESTRADO/Artigos/DATASET/Kinetic/ID009_KIB_T3_f_4.tsv,False
ID009,KIB,4,9000,1000.0,8.999,True,False,1,/Users/judo365/Documents/MASTER ESPORTES/MESTRADO/Artigos/DATASET/Kinetic/ID009_KIB_T4_f_3.tsv,,False
ID009,KIB,5,9000,1000.0,8.999,True,True,2,/Users/judo365/Documents/MASTER ESPORTES/MESTRADO/Artigos/DATASET/Kinetic/ID009_KIB_T5_f_3.tsv,/Users/judo365/Documents/MASTER ESPORTES/MESTRADO/Artigos/DATASET/Kinetic/ID009_KIB_T5_f_4.tsv,False
ID009,KOK,1,9000,1000.0,8.999,True,True,2,/Users/judo365/Documents/MASTER ESPORTES/MESTRADO/Artigos/DATASET/Kinetic/ID009_KUK_T1_f_3.tsv,/Users/judo365/Documents/MASTER ESPORTES/MESTRADO/Artigos/DATASET/Kinetic/ID009_KUK_T1_f_4.tsv,True
ID009,KOK,2,9000,1000.0,8.999,True,True,2,/Users/judo365/Documents/MASTER ESPORTES/MESTRADO/Artigos/DATASET/Kinetic/ID009_KUK_T2_f_3.tsv,/Users/judo365/Documents/MASTER ESPORTES/MESTRADO/Artigos/DATASET/Kinetic/ID009_KUK_T2_f_4.tsv,True
ID009,KOK,3,9000,1000.0,8.999,True,True,2,/Users/judo365/Documents/MASTER ESPORTES/MESTRADO/Artigos/DATASET/Kinetic/ID009_KUK_T3_f_3.tsv,/Users/judo365/Documents/MASTER ESPORTES/MESTRADO/Artigos/DATASET/Kinetic/ID009_KUK_T3_f_4.tsv,True
ID009,KOK,4,9000,1000.0,8.999,True,True,2,/Users/judo365/Documents/MASTER ESPORTES/MESTRADO/Artigos/DATASET/Kinetic/ID009_KUK_T4_f_3.tsv,/Users/judo365/Documents/MASTER ESPORTES/MESTRADO/Artigos/DATASET/Kinetic/ID009_KUK_T4_f_4.tsv,True
ID009,KOK,5,9000,1000.0,8.999,True,True,2,/Users/judo365/Documents/MASTER ESPORTES/MESTRADO/Artigos/DATASET/Kinetic/ID009_KUK_T5_f_3.tsv,/Users/judo365/Documents/MASTER ESPORTES/MESTRADO/Artigos/DATASET/Kinetic/ID009_KUK_T5_f_4.tsv,True
ID009,STATIC,1,2000,1000.0,1.999,True,True,2,/Users/judo365/Documents/MASTER ESPORTES/MESTRADO/Artigos/DATASET/Kinetic/ID009_STATIC_T1_f_3.tsv,/Users/judo365/Documents/MASTER ESPORTES/MESTRADO/Artigos/DATASET/Kinetic/ID009_STATIC_T1_f_4.tsv,False
ID009,ZEN,1,9000,1000.0,8.999,True,True,2,/Users/judo365/Documents/MASTER ESPORTES/MESTRADO/Artigos/DATASET/Kinetic/ID009_ZEN_T1_f_3.tsv,/Users/judo365/Documents/MASTER ESPORTES/MESTRADO/Artigos/DATASET/Kinetic/ID009_ZEN_T1_f_4.tsv,False
ID009,ZEN,2,9000,1000.0,8.999,True,True,2,/Users/judo365/Documents/MASTER ESPORTES/MESTRADO/Artigos/DATASET/Kinetic/ID009_ZEN_T2_f_3.tsv,/Users/judo365/Documents/MASTER ESPORTES/MESTRADO/Artigos/DATASET/Kinetic/ID009_ZEN_T2_f_4.tsv,False
ID009,ZEN,3,9000,1000.0,8.999,True,True,2,/Users/judo365/Documents/MASTER ESPORTES/MESTRADO/Artigos/DATASET/Kinetic/ID009_ZEN_T3_f_3.tsv,/Users/judo365/Documents/MASTER ESPORTES/MESTRADO/Artigos/DATASET/Kinetic/ID009_ZEN_T3_f_4.tsv,False
ID009,ZEN,4,9000,1000.0,8.999,True,True,2,/Users/judo365/Documents/MASTER ESPORTES/MESTRADO/Artigos/DATASET/Kinetic/ID009_ZEN_T4_f_3.tsv,/Users/judo365/Documents/MASTER ESPORTES/MESTRADO/Artigos/DATASET/Kinetic/ID009_ZEN_T4_f_4.tsv,False
ID009,ZEN,5,9000,1000.0,8.999,True,True,2,/Users/judo365/Documents/MASTER ESPORTES/MESTRADO/Artigos/DATASET/Kinetic/ID009_ZEN_T5_f_3.tsv,/Users/judo365/Documents/MASTER ESPORTES/MESTRADO/Artigos/DATASET/Kinetic/ID009_ZEN_T5_f_4.tsv,False
ID010,KIB,1,9000,1000.0,8.999,True,True,2,/Users/judo365/Documents/MASTER ESPORTES/MESTRADO/Artigos/DATASET/Kinetic/ID010_KIB_T1_f_3.tsv,/Users/judo365/Documents/MASTER ESPORTES/MESTRADO/Artigos/DATASET/Kinetic/ID010_KIB_T1_f_4.tsv,False
ID010,KIB,2,9000,1000.0,8.999,True,True,2,/Users/judo365/Documents/MASTER ESPORTES/MESTRADO/Artigos/DATASET/Kinetic/ID010_KIB_T2_f_3.tsv,/Users/judo365/Documents/MASTER ESPORTES/MESTRADO/Artigos/DATASET/Kinetic/ID010_KIB_T2_f_4.tsv,False
ID010,KIB,3,9000,1000.0,8.999,True,True,2,/Users/judo365/Documents/MASTER ESPORTES/MESTRADO/Artigos/DATASET/Kinetic/ID010_KIB_T3_f_3.tsv,/Users/judo365/Documents/MASTER ESPORTES/MESTRADO/Artigos/DATASET/Kinetic/ID010_KIB_T3_f_4.tsv,False
ID010,KIB,4,9000,1000.0,8.999,True,True,2,/Users/judo365/Documents/MASTER ESPORTES/MESTRADO/Artigos/DATASET/Kinetic/ID010_KIB_T4_f_3.tsv,/Users/judo365/Documents/MASTER ESPORTES/MESTRADO/Artigos/DATASET/Kinetic/ID010_KIB_T4_f_4.tsv,False
ID010,KIB,5,9000,1000.0,8.999,True,True,2,/Users/judo365/Documents/MASTER ESPORTES/MESTRADO/Artigos/DATASET/Kinetic/ID010_KIB_T5_f_3.tsv,/Users/judo365/Documents/MASTER ESPORTES/MESTRADO/Artigos/DATASET/Kinetic/ID010_KIB_T5_f_4.tsv,False
ID010,KOK,1,9000,1000.0,8.999,True,True,2,/Users/judo365/Documents/MASTER ESPORTES/MESTRADO/Artigos/DATASET/Kinetic/ID010_KOK_T1_f_3.tsv,/Users/judo365/Documents/MASTER ESPORTES/MESTRADO/Artigos/DATASET/Kinetic/ID010_KOK_T1_f_4.tsv,False
ID010,KOK,2,9000,1000.0,8.999,True,True,2,/Users/judo365/Documents/MASTER ESPORTES/MESTRADO/Artigos/DATASET/Kinetic/ID010_KOK_T2_f_3.tsv,/Users/judo365/Documents/MASTER ESPORTES/MESTRADO/Artigos/DATASET/Kinetic/ID010_KOK_T2_f_4.tsv,False
ID010,KOK,3,9000,1000.0,8.999,True,True,2,/Users/judo365/Documents/MASTER ESPORTES/MESTRADO/Artigos/DATASET/Kinetic/ID010_KOK_T3_f_3.tsv,/Users/judo365/Documents/MASTER ESPORTES/MESTRADO/Artigos/DATASET/Kinetic/ID010_KOK_T3_f_4.tsv,False
ID010,KOK,4,9000,1000.0,8.999,True,True,2,/Users/judo365/Documents/MASTER ESPORTES/MESTRADO/Artigos/DATASET/Kinetic/ID010_KOK_T4_f_3.tsv,/Users/judo365/Documents/MASTER ESPORTES/MESTRADO/Artigos/DATASET/Kinetic/ID010_KOK_T4_f_4.tsv,False
ID010,KOK,5,9000,1000.0,8.999,True,True,2,/Users/judo365/Documents/MASTER ESPORTES/MESTRADO/Artigos/DATASET/Kinetic/ID010_KOK_T5_f_3.tsv,/Users/judo365/Documents/MASTER ESPORTES/MESTRADO/Artigos/DATASET/Kinetic/ID010_KOK_T5_f_4.tsv,False
ID010,STATIC,1,2000,1000.0,1.999,True,True,2,/Users/judo365/Documents/MASTER ESPORTES/MESTRADO/Artigos/DATASET/Kinetic/ID010_STATIC_T1_f_3.tsv,/Users/judo365/Documents/MASTER ESPORTES/MESTRADO/Artigos/DATASET/Kinetic/ID010_STATIC_T1_f_4.tsv,False
ID010,ZEN,1,9000,1000.0,8.999,True,True,2,/Users/judo365/Documents/MASTER ESPORTES/MESTRADO/Artigos/DATASET/Kinetic/ID010_ZEN_T1_f_3.tsv,/Users/judo365/Documents/MASTER ESPORTES/MESTRADO/Artigos/DATASET/Kinetic/ID010_ZEN_T1_f_4.tsv,False
ID010,ZEN,2,9000,1000.0,8.999,True,True,2,/Users/judo365/Documents/MASTER ESPORTES/MESTRADO/Artigos/DATASET/Kinetic/ID010_ZEN_T2_f_3.tsv,/Users/judo365/Documents/MASTER ESPORTES/MESTRADO/Artigos/DATASET/Kinetic/ID010_ZEN_T2_f_4.tsv,False
ID010,ZEN,3,9000,1000.0,8.999,True,True,2,/Users/judo365/Documents/MASTER ESPORTES/MESTRADO/Artigos/DATASET/Kinetic/ID010_ZEN_T3_f_3.tsv,/Users/judo365/Documents/MASTER ESPORTES/MESTRADO/Artigos/DATASET/Kinetic/ID010_ZEN_T3_f_4.tsv,False
ID010,ZEN,4,9000,1000.0,8.999,True,True,2,/Users/judo365/Documents/MASTER ESPORTES/MESTRADO/Artigos/DATASET/Kinetic/ID010_ZEN_T4_f_3.tsv,/Users/judo365/Documents/MASTER ESPORTES/MESTRADO/Artigos/DATASET/Kinetic/ID010_ZEN_T4_f_4.tsv,False
ID010,ZEN,5,9000,1000.0,8.999,True,True,2,/Users/judo365/Documents/MASTER ESPORTES/MESTRADO/Artigos/DATASET/Kinetic/ID010_ZEN_T5_f_3.tsv,/Users/judo365/Documents/MASTER ESPORTES/MESTRADO/Artigos/DATASET/Kinetic/ID010_ZEN_T5_f_4.tsv,False
ID011,KIB,1,9000,1000.0,8.999,True,True,2,/Users/judo365/Documents/MASTER ESPORTES/MESTRADO/Artigos/DATASET/Kinetic/ID011_KIB_T1_f_3.tsv,/Users/judo365/Documents/MASTER ESPORTES/MESTRADO/Artigos/DATASET/Kinetic/ID011_KIB_T1_f_4.tsv,False
ID011,KIB,2,9000,1000.0,8.999,True,True,2,/Users/judo365/Documents/MASTER ESPORTES/MESTRADO/Artigos/DATASET/Kinetic/ID011_KIB_T2_f_3.tsv,/Users/judo365/Documents/MASTER ESPORTES/MESTRADO/Artigos/DATASET/Kinetic/ID011_KIB_T2_f_4.tsv,False
ID011,KIB,3,9000,1000.0,8.999,True,True,2,/Users/judo365/Documents/MASTER ESPORTES/MESTRADO/Artigos/DATASET/Kinetic/ID011_KIB_T3_f_3.tsv,/Users/judo365/Documents/MASTER ESPORTES/MESTRADO/Artigos/DATASET/Kinetic/ID011_KIB_T3_f_4.tsv,False
ID011,KIB,4,9000,1000.0,8.999,True,True,2,/Users/judo365/Documents/MASTER ESPORTES/MESTRADO/Artigos/DATASET/Kinetic/ID011_KIB_T4_f_3.tsv,/Users/judo365/Documents/MASTER ESPORTES/MESTRADO/Artigos/DATASET/Kinetic/ID011_KIB_T4_f_4.tsv,False
ID011,KIB,5,9000,1000.0,8.999,False,True,1,,/Users/judo365/Documents/MASTER ESPORTES/MESTRADO/Artigos/DATASET/Kinetic/ID011_KIB_T5_f_4.tsv,False
ID011,KOK,1,9000,1000.0,8.999,True,True,2,/Users/judo365/Documents/MASTER ESPORTES/MESTRADO/Artigos/DATASET/Kinetic/ID011_KOK_T1_f_3.tsv,/Users/judo365/Documents/MASTER ESPORTES/MESTRADO/Artigos/DATASET/Kinetic/ID011_KOK_T1_f_4.tsv,False
ID011,KOK,2,9000,1000.0,8.999,True,True,2,/Users/judo365/Documents/MASTER ESPORTES/MESTRADO/Artigos/DATASET/Kinetic/ID011_KOK_T2_f_3.tsv,/Users/judo365/Documents/MASTER ESPORTES/MESTRADO/Artigos/DATASET/Kinetic/ID011_KOK_T2_f_4.tsv,False
ID011,KOK,3,9000,1000.0,8.999,True,True,2,/Users/judo365/Documents/MASTER ESPORTES/MESTRADO/Artigos/DATASET/Kinetic/ID011_KOK_T3_f_3.tsv,/Users/judo365/Documents/MASTER ESPORTES/MESTRADO/Artigos/DATASET/Kinetic/ID011_KOK_T3_f_4.tsv,False
ID011,KOK,4,9000,1000.0,8.999,True,True,2,/Users/judo365/Documents/MASTER ESPORTES/MESTRADO/Artigos/DATASET/Kinetic/ID011_KOK_T4_f_3.tsv,/Users/judo365/Documents/MASTER ESPORTES/MESTRADO/Artigos/DATASET/Kinetic/ID011_KOK_T4_f_4.tsv,False
ID011,KOK,5,9000,1000.0,8.999,True,True,2,/Users/judo365/Documents/MASTER ESPORTES/MESTRADO/Artigos/DATASET/Kinetic/ID011_KOK_T5_f_3.tsv,/Users/judo365/Documents/MASTER ESPORTES/MESTRADO/Artigos/DATASET/Kinetic/ID011_KOK_T5_f_4.tsv,False
ID011,STATIC,1,2000,1000.0,1.999,True,True,2,/Users/judo365/Documents/MASTER ESPORTES/MESTRADO/Artigos/DATASET/Kinetic/ID011_STATIC_T1_f_3.tsv,/Users/judo365/Documents/MASTER ESPORTES/MESTRADO/Artigos/DATASET/Kinetic/ID011_STATIC_T1_f_4.tsv,False
ID011,ZEN,1,9000,1000.0,8.999,True,True,2,/Users/judo365/Documents/MASTER ESPORTES/MESTRADO/Artigos/DATASET/Kinetic/ID011_ZEN_T1_f_3.tsv,/Users/judo365/Documents/MASTER ESPORTES/MESTRADO/Artigos/DATASET/Kinetic/ID011_ZEN_T1_f_4.tsv,False
ID011,ZEN,2,9000,1000.0,8.999,True,True,2,/Users/judo365/Documents/MASTER ESPORTES/MESTRADO/Artigos/DATASET/Kinetic/ID011_ZEN_T2_f_3.tsv,/Users/judo365/Documents/MASTER ESPORTES/MESTRADO/Artigos/DATASET/Kinetic/ID011_ZEN_T2_f_4.tsv,False
ID011,ZEN,3,9000,1000.0,8.999,True,True,2,/Users/judo365/Documents/MASTER ESPORTES/MESTRADO/Artigos/DATASET/Kinetic/ID011_ZEN_T3_f_3.tsv,/Users/judo365/Documents/MASTER ESPORTES/MESTRADO/Artigos/DATASET/Kinetic/ID011_ZEN_T3_f_4.tsv,False
ID011,ZEN,4,9000,1000.0,8.999,True,True,2,/Users/judo365/Documents/MASTER ESPORTES/MESTRADO/Artigos/DATASET/Kinetic/ID011_ZEN_T4_f_3.tsv,/Users/judo365/Documents/MASTER ESPORTES/MESTRADO/Artigos/DATASET/Kinetic/ID011_ZEN_T4_f_4.tsv,False
ID011,ZEN,5,9000,1000.0,8.999,True,True,2,/Users/judo365/Documents/MASTER ESPORTES/MESTRADO/Artigos/DATASET/Kinetic/ID011_ZEN_T5_f_3.tsv,/Users/judo365/Documents/MASTER ESPORTES/MESTRADO/Artigos/DATASET/Kinetic/ID011_ZEN_T5_f_4.tsv,False
ID012,KIB,1,9000,1000.0,8.999,True,True,2,/Users/judo365/Documents/MASTER ESPORTES/MESTRADO/Artigos/DATASET/Kinetic/ID012_KIB_T1_f_3.tsv,/Users/judo365/Documents/MASTER ESPORTES/MESTRADO/Artigos/DATASET/Kinetic/ID012_KIB_T1_f_4.tsv,False
ID012,KIB,2,9000,1000.0,8.999,True,True,2,/Users/judo365/Documents/MASTER ESPORTES/MESTRADO/Artigos/DATASET/Kinetic/ID012_KIB_T2_f_3.tsv,/Users/judo365/Documents/MASTER ESPORTES/MESTRADO/Artigos/DATASET/Kinetic/ID012_KIB_T2_f_4.tsv,False
ID012,KIB,3,9000,1000.0,8.999,True,True,2,/Users/judo365/Documents/MASTER ESPORTES/MESTRADO/Artigos/DATASET/Kinetic/ID012_KIB_T3_f_3.tsv,/Users/judo365/Documents/MASTER ESPORTES/MESTRADO/Artigos/DATASET/Kinetic/ID012_KIB_T3_f_4.tsv,False
ID012,KIB,4,9000,1000.0,8.999,True,False,1,/Users/judo365/Documents/MASTER ESPORTES/MESTRADO/Artigos/DATASET/Kinetic/ID012_KIB_T4_f_3.tsv,,False
ID012,KIB,5,9000,1000.0,8.999,True,True,2,/Users/judo365/Documents/MASTER ESPORTES/MESTRADO/Artigos/DATASET/Kinetic/ID012_KIB_T5_f_3.tsv,/Users/judo365/Documents/MASTER ESPORTES/MESTRADO/Artigos/DATASET/Kinetic/ID012_KIB_T5_f_4.tsv,False
ID012,KOK,1,9000,1000.0,8.999,True,True,2,/Users/judo365/Documents/MASTER ESPORTES/MESTRADO/Artigos/DATASET/Kinetic/ID012_KOK_T1_f_3.tsv,/Users/judo365/Documents/MASTER ESPORTES/MESTRADO/Artigos/DATASET/Kinetic/ID012_KOK_T1_f_4.tsv,False
ID012,KOK,2,9000,1000.0,8.999,True,True,2,/Users/judo365/Documents/MASTER ESPORTES/MESTRADO/Artigos/DATASET/Kinetic/ID012_KOK_T2_f_3.tsv,/Users/judo365/Documents/MASTER ESPORTES/MESTRADO/Artigos/DATASET/Kinetic/ID012_KOK_T2_f_4.tsv,False
ID012,KOK,3,9000,1000.0,8.999,True,True,2,/Users/judo365/Documents/MASTER ESPORTES/MESTRADO/Artigos/DATASET/Kinetic/ID012_KOK_T3_f_3.tsv,/Users/judo365/Documents/MASTER ESPORTES/MESTRADO/Artigos/DATASET/Kinetic/ID012_KOK_T3_f_4.tsv,False
ID012,KOK,4,9000,1000.0,8.999,True,True,2,/Users/judo365/Documents/MASTER ESPORTES/MESTRADO/Artigos/DATASET/Kinetic/ID012_KOK_T4_f_3.tsv,/Users/judo365/Documents/MASTER ESPORTES/MESTRADO/Artigos/DATASET/Kinetic/ID012_KOK_T4_f_4.tsv,False
ID012,KOK,5,9000,1000.0,8.999,True,True,2,/Users/judo365/Documents/MASTER ESPORTES/MESTRADO/Artigos/DATASET/Kinetic/ID012_KOK_T5_f_3.tsv,/Users/judo365/Documents/MASTER ESPORTES/MESTRADO/Artigos/DATASET/Kinetic/ID012_KOK_T5_f_4.tsv,False
ID012,STATIC,1,2000,1000.0,1.999,True,True,2,/Users/judo365/Documents/MASTER ESPORTES/MESTRADO/Artigos/DATASET/Kinetic/ID012_STATIC_T1_f_3.tsv,/Users/judo365/Documents/MASTER ESPORTES/MESTRADO/Artigos/DATASET/Kinetic/ID012_STATIC_T1_f_4.tsv,False
ID012,ZEN,1,9000,1000.0,8.999,True,True,2,/Users/judo365/Documents/MASTER ESPORTES/MESTRADO/Artigos/DATASET/Kinetic/ID012_ZEN_T1_f_3.tsv,/Users/judo365/Documents/MASTER ESPORTES/MESTRADO/Artigos/DATASET/Kinetic/ID012_ZEN_T1_f_4.tsv,False
ID012,ZEN,2,9000,1000.0,8.999,True,True,2,/Users/judo365/Documents/MASTER ESPORTES/MESTRADO/Artigos/DATASET/Kinetic/ID012_ZEN_T2_f_3.tsv,/Users/judo365/Documents/MASTER ESPORTES/MESTRADO/Artigos/DATASET/Kinetic/ID012_ZEN_T2_f_4.tsv,False
ID012,ZEN,3,9000,1000.0,8.999,True,False,1,/Users/judo365/Documents/MASTER ESPORTES/MESTRADO/Artigos/DATASET/Kinetic/ID012_ZEN_T3_f_3.tsv,,False
ID012,ZEN,4,9000,1000.0,8.999,True,True,2,/Users/judo365/Documents/MASTER ESPORTES/MESTRADO/Artigos/DATASET/Kinetic/ID012_ZEN_T4_f_3.tsv,/Users/judo365/Documents/MASTER ESPORTES/MESTRADO/Artigos/DATASET/Kinetic/ID012_ZEN_T4_f_4.tsv,False
ID012,ZEN,5,9000,1000.0,8.999,True,True,2,/Users/judo365/Documents/MASTER ESPORTES/MESTRADO/Artigos/DATASET/Kinetic/ID012_ZEN_T5_f_3.tsv,/Users/judo365/Documents/MASTER ESPORTES/MESTRADO/Artigos/DATASET/Kinetic/ID012_ZEN_T5_f_4.tsv,False
ID013,KIB,1,9000,1000.0,8.999,True,True,2,/Users/judo365/Documents/MASTER ESPORTES/MESTRADO/Artigos/DATASET/Kinetic/ID013_KIB_T1_f_3.tsv,/Users/judo365/Documents/MASTER ESPORTES/MESTRADO/Artigos/DATASET/Kinetic/ID013_KIB_T1_f_4.tsv,False
ID013,KIB,2,9000,1000.0,8.999,True,True,2,/Users/judo365/Documents/MASTER ESPORTES/MESTRADO/Artigos/DATASET/Kinetic/ID013_KIB_T2_f_3.tsv,/Users/judo365/Documents/MASTER ESPORTES/MESTRADO/Artigos/DATASET/Kinetic/ID013_KIB_T2_f_4.tsv,False
ID013,KIB,3,9000,1000.0,8.999,True,True,2,/Users/judo365/Documents/MASTER ESPORTES/MESTRADO/Artigos/DATASET/Kinetic/ID013_KIB_T3_f_3.tsv,/Users/judo365/Documents/MASTER ESPORTES/MESTRADO/Artigos/DATASET/Kinetic/ID013_KIB_T3_f_4.tsv,False
ID013,KIB,4,9000,1000.0,8.999,True,True,2,/Users/judo365/Documents/MASTER ESPORTES/MESTRADO/Artigos/DATASET/Kinetic/ID013_KIB_T4_f_3.tsv,/Users/judo365/Documents/MASTER ESPORTES/MESTRADO/Artigos/DATASET/Kinetic/ID013_KIB_T4_f_4.tsv,False
ID013,KIB,5,9000,1000.0,8.999,True,True,2,/Users/judo365/Documents/MASTER ESPORTES/MESTRADO/Artigos/DATASET/Kinetic/ID013_KIB_T5_f_3.tsv,/Users/judo365/Documents/MASTER ESPORTES/MESTRADO/Artigos/DATASET/Kinetic/ID013_KIB_T5_f_4.tsv,False
ID013,KOK,1,9000,1000.0,8.999,True,True,2,/Users/judo365/Documents/MASTER ESPORTES/MESTRADO/Artigos/DATASET/Kinetic/ID013_KOK_T1_f_3.tsv,/Users/judo365/Documents/MASTER ESPORTES/MESTRADO/Artigos/DATASET/Kinetic/ID013_KOK_T1_f_4.tsv,False
ID013,KOK,2,9000,1000.0,8.999,True,True,2,/Users/judo365/Documents/MASTER ESPORTES/MESTRADO/Artigos/DATASET/Kinetic/ID013_KOK_T2_f_3.tsv,/Users/judo365/Documents/MASTER ESPORTES/MESTRADO/Artigos/DATASET/Kinetic/ID013_KOK_T2_f_4.tsv,False
ID013,KOK,3,9000,1000.0,8.999,True,True,2,/Users/judo365/Documents/MASTER ESPORTES/MESTRADO/Artigos/DATASET/Kinetic/ID013_KOK_T3_f_3.tsv,/Users/judo365/Documents/MASTER ESPORTES/MESTRADO/Artigos/DATASET/Kinetic/ID013_KOK_T3_f_4.tsv,False
ID013,KOK,4,9000,1000.0,8.999,True,True,2,/Users/judo365/Documents/MASTER ESPORTES/MESTRADO/Artigos/DATASET/Kinetic/ID013_KOK_T4_f_3.tsv,/Users/judo365/Documents/MASTER ESPORTES/MESTRADO/Artigos/DATASET/Kinetic/ID013_KOK_T4_f_4.tsv,False
ID013,KOK,5,9000,1000.0,8.999,True,True,2,/Users/judo365/Documents/MASTER ESPORTES/MESTRADO/Artigos/DATASET/Kinetic/ID013_KOK_T5_f_3.tsv,/Users/judo365/Documents/MASTER ESPORTES/MESTRADO/Artigos/DATASET/Kinetic/ID013_KOK_T5_f_4.tsv,False
ID013,STATIC,1,2000,1000.0,1.999,True,True,2,/Users/judo365/Documents/MASTER ESPORTES/MESTRADO/Artigos/DATASET/Kinetic/ID013_STATIC_T1_f_3.tsv,/Users/judo365/Documents/MASTER ESPORTES/MESTRADO/Artigos/DATASET/Kinetic/ID013_STATIC_T1_f_4.tsv,False
ID013,ZEN,1,9000,1000.0,8.999,True,True,2,/Users/judo365/Documents/MASTER ESPORTES/MESTRADO/Artigos/DATASET/Kinetic/ID013_ZEN_T1_f_3.tsv,/Users/judo365/Documents/MASTER ESPORTES/MESTRADO/Artigos/DATASET/Kinetic/ID013_ZEN_T1_f_4.tsv,False
ID013,ZEN,2,9000,1000.0,8.999,True,True,2,/Users/judo365/Documents/MASTER ESPORTES/MESTRADO/Artigos/DATASET/Kinetic/ID013_ZEN_T2_f_3.tsv,/Users/judo365/Documents/MASTER ESPORTES/MESTRADO/Artigos/DATASET/Kinetic/ID013_ZEN_T2_f_4.tsv,False
ID013,ZEN,3,9000,1000.0,8.999,True,True,2,/Users/judo365/Documents/MASTER ESPORTES/MESTRADO/Artigos/DATASET/Kinetic/ID013_ZEN_T3_f_3.tsv,/Users/judo365/Documents/MASTER ESPORTES/MESTRADO/Artigos/DATASET/Kinetic/ID013_ZEN_T3_f_4.tsv,False
ID013,ZEN,4,9000,1000.0,8.999,True,True,2,/Users/judo365/Documents/MASTER ESPORTES/MESTRADO/Artigos/DATASET/Kinetic/ID013_ZEN_T4_f_3.tsv,/Users/judo365/Documents/MASTER ESPORTES/MESTRADO/Artigos/DATASET/Kinetic/ID013_ZEN_T4_f_4.tsv,False
ID013,ZEN,5,9000,1000.0,8.999,True,True,2,/Users/judo365/Documents/MASTER ESPORTES/MESTRADO/Artigos/DATASET/Kinetic/ID013_ZEN_T5_f_3.tsv,/Users/judo365/Documents/MASTER ESPORTES/MESTRADO/Artigos/DATASET/Kinetic/ID013_ZEN_T5_f_4.tsv,False
ID014,KIB,1,9000,1000.0,8.999,True,True,2,/Users/judo365/Documents/MASTER ESPORTES/MESTRADO/Artigos/DATASET/Kinetic/ID014_KIB_T1_f_3.tsv,/Users/judo365/Documents/MASTER ESPORTES/MESTRADO/Artigos/DATASET/Kinetic/ID014_KIB_T1_f_4.tsv,False
ID014,KIB,2,9000,1000.0,8.999,True,True,2,/Users/judo365/Documents/MASTER ESPORTES/MESTRADO/Artigos/DATASET/Kinetic/ID014_KIB_T2_f_3.tsv,/Users/judo365/Documents/MASTER ESPORTES/MESTRADO/Artigos/DATASET/Kinetic/ID014_KIB_T2_f_4.tsv,False
ID014,KIB,3,9000,1000.0,8.999,True,True,2,/Users/judo365/Documents/MASTER ESPORTES/MESTRADO/Artigos/DATASET/Kinetic/ID014_KIB_T3_f_3.tsv,/Users/judo365/Documents/MASTER ESPORTES/MESTRADO/Artigos/DATASET/Kinetic/ID014_KIB_T3_f_4.tsv,False
ID014,KIB,4,9000,1000.0,8.999,True,True,2,/Users/judo365/Documents/MASTER ESPORTES/MESTRADO/Artigos/DATASET/Kinetic/ID014_KIB_T4_f_3.tsv,/Users/judo365/Documents/MASTER ESPORTES/MESTRADO/Artigos/DATASET/Kinetic/ID014_KIB_T4_f_4.tsv,False
ID014,KIB,5,9000,1000.0,8.999,True,True,2,/Users/judo365/Documents/MASTER ESPORTES/MESTRADO/Artigos/DATASET/Kinetic/ID014_KIB_T5_f_3.tsv,/Users/judo365/Documents/MASTER ESPORTES/MESTRADO/Artigos/DATASET/Kinetic/ID014_KIB_T5_f_4.tsv,False
ID014,KOK,1,9000,1000.0,8.999,True,True,2,/Users/judo365/Documents/MASTER ESPORTES/MESTRADO/Artigos/DATASET/Kinetic/ID014_KOK_T1_f_3.tsv,/Users/judo365/Documents/MASTER ESPORTES/MESTRADO/Artigos/DATASET/Kinetic/ID014_KOK_T1_f_4.tsv,False
ID014,KOK,2,9000,1000.0,8.999,True,True,2,/Users/judo365/Documents/MASTER ESPORTES/MESTRADO/Artigos/DATASET/Kinetic/ID014_KOK_T2_f_3.tsv,/Users/judo365/Documents/MASTER ESPORTES/MESTRADO/Artigos/DATASET/Kinetic/ID014_KOK_T2_f_4.tsv,False
ID014,KOK,3,9000,1000.0,8.999,True,True,2,/Users/judo365/Documents/MASTER ESPORTES/MESTRADO/Artigos/DATASET/Kinetic/ID014_KOK_T3_f_3.tsv,/Users/judo365/Documents/MASTER ESPORTES/MESTRADO/Artigos/DATASET/Kinetic/ID014_KOK_T3_f_4.tsv,False
ID014,KOK,4,9000,1000.0,8.999,True,True,2,/Users/judo365/Documents/MASTER ESPORTES/MESTRADO/Artigos/DATASET/Kinetic/ID014_KOK_T4_f_3.tsv,/Users/judo365/Documents/MASTER ESPORTES/MESTRADO/Artigos/DATASET/Kinetic/ID014_KOK_T4_f_4.tsv,False
ID014,KOK,5,9000,1000.0,8.999,True,True,2,/Users/judo365/Documents/MASTER ESPORTES/MESTRADO/Artigos/DATASET/Kinetic/ID014_KOK_T5_f_3.tsv,/Users/judo365/Documents/MASTER ESPORTES/MESTRADO/Artigos/DATASET/Kinetic/ID014_KOK_T5_f_4.tsv,False
ID014,STATIC,1,2000,1000.0,1.999,True,True,2,/Users/judo365/Documents/MASTER ESPORTES/MESTRADO/Artigos/DATASET/Kinetic/ID014_STATIC_T1_f_3.tsv,/Users/judo365/Documents/MASTER ESPORTES/MESTRADO/Artigos/DATASET/Kinetic/ID014_STATIC_T1_f_4.tsv,False
ID014,ZEN,1,9000,1000.0,8.999,True,True,2,/Users/judo365/Documents/MASTER ESPORTES/MESTRADO/Artigos/DATASET/Kinetic/ID014_ZEN_T1_f_3.tsv,/Users/judo365/Documents/MASTER ESPORTES/MESTRADO/Artigos/DATASET/Kinetic/ID014_ZEN_T1_f_4.tsv,False
ID014,ZEN,2,9000,1000.0,8.999,True,True,2,/Users/judo365/Documents/MASTER ESPORTES/MESTRADO/Artigos/DATASET/Kinetic/ID014_ZEN_T2_f_3.tsv,/Users/judo365/Documents/MASTER ESPORTES/MESTRADO/Artigos/DATASET/Kinetic/ID014_ZEN_T2_f_4.tsv,False
ID014,ZEN,3,9000,1000.0,8.999,True,True,2,/Users/judo365/Documents/MASTER ESPORTES/MESTRADO/Artigos/DATASET/Kinetic/ID014_ZEN_T3_f_3.tsv,/Users/judo365/Documents/MASTER ESPORTES/MESTRADO/Artigos/DATASET/Kinetic/ID014_ZEN_T3_f_4.tsv,False
ID014,ZEN,4,9000,1000.0,8.999,True,True,2,/Users/judo365/Documents/MASTER ESPORTES/MESTRADO/Artigos/DATASET/Kinetic/ID014_ZEN_T4_f_3.tsv,/Users/judo365/Documents/MASTER ESPORTES/MESTRADO/Artigos/DATASET/Kinetic/ID014_ZEN_T4_f_4.tsv,False
ID014,ZEN,5,9000,1000.0,8.999,True,True,2,/Users/judo365/Documents/MASTER ESPORTES/MESTRADO/Artigos/DATASET/Kinetic/ID014_ZEN_T5_f_3.tsv,/Users/judo365/Documents/MASTER ESPORTES/MESTRADO/Artigos/DATASET/Kinetic/ID014_ZEN_T5_f_4.tsv,False
