subject,base,trial,filtered,n_frames,rate_hz,duration_s,status,strike_peak_time_s,strike_peak_speed_mps,v3d_com_offset_mm
ID003,ZEN,1,True,1620,180.0,8.994444444444444,ok,4.55,7.215785925831471,10.01468453666222
ID003,ZEN,2,True,1620,180.0,8.994444444444444,ok,3.861111111111111,7.668565002927724,9.362665637625556
ID003,ZEN,3,True,1620,180.0,8.994444444444444,ok,4.188888888888889,7.516476503799568,9.16454005949681
ID003,ZEN,4,True,1620,180.0,8.994444444444444,ok,3.966666666666667,7.313964978960324,8.977637049020954
ID003,ZEN,5,True,1620,180.0,8.994444444444444,ok,4.038888888888889,7.514991033966499,9.374548879913496
ID003,KOK,1,True,1620,180.0,8.994444444444444,ok,4.266666666666667,6.8051007480393455,18.7453938851654
ID003,KOK,2,True,1620,180.0,8.994444444444444,ok,4.166666666666667,6.662562531070184,19.00442513231379
ID003,KOK,3,True,1620,180.0,8.994444444444444,ok,4.0,6.539055602496011,18.982333762803545
ID003,KOK,4,True,1620,180.0,8.994444444444444,ok,4.033333333333333,6.657330969206889,19.066887512912686
ID003,KOK,5,True,1620,180.0,8.994444444444444,ok,4.033333333333333,6.738529138337334,19.27777793770491
ID003,KIB,1,True,1620,180.0,8.994444444444444,ok,4.2555555555555555,7.0432313437806195,18.69288130573921
ID003,KIB,2,True,1620,180.0,8.994444444444444,ok,4.116666666666666,6.908717112051316,18.324498390869874
ID003,KIB,3,True,1620,180.0,8.994444444444444,ok,4.0,7.050186376634978,18.39691281469012
ID003,KIB,4,True,1620,180.0,8.994444444444444,ok,4.0055555555555555,6.864904275434093,20.277802716043627
ID003,KIB,5,True,1620,180.0,8.994444444444444,ok,4.155555555555556,6.871785840681528,19.560631347305716
ID004,ZEN,1,True,1620,180.0,8.994444444444444,ok,4.094444444444444,6.738521424899635,14.9123616394942
ID004,ZEN,2,True,1620,180.0,8.994444444444444,ok,4.188888888888889,6.359176102030123,14.564988645968631
ID004,ZEN,3,True,1620,180.0,8.994444444444444,ok,4.1,6.243570782446039,14.198238448210743
ID004,ZEN,4,True,1620,180.0,8.994444444444444,ok,4.233333333333333,6.29003710059202,14.432089482721452
ID004,ZEN,5,True,1620,180.0,8.994444444444444,ok,4.094444444444444,6.233580755043385,14.528360971231486
ID004,KOK,1,True,1620,180.0,8.994444444444444,ok,3.9944444444444445,6.891021702936914,16.497641590774958
ID004,KOK,2,True,1620,180.0,8.994444444444444,ok,4.361111111111111,6.515103100500041,17.696335350197245
ID004,KOK,3,True,1620,180.0,8.994444444444444,ok,4.1,6.719889203765876,17.227373393290673
ID004,KOK,4,True,1620,180.0,8.994444444444444,ok,4.188888888888889,6.536599134430424,17.33142169663778
ID004,KOK,5,True,1620,180.0,8.994444444444444,ok,4.15,6.848502035915497,17.47869716697184
ID004,KIB,1,True,1620,180.0,8.994444444444444,ok,4.2444444444444445,6.624468185302121,21.75516250376307
ID004,KIB,2,True,1620,180.0,8.994444444444444,ok,4.038888888888889,6.119486481180292,20.41648764263117
ID004,KIB,3,True,1620,180.0,8.994444444444444,ok,3.811111111111111,6.230324116034057,21.12527427674709
ID004,KIB,4,True,1620,180.0,8.994444444444444,ok,4.0055555555555555,6.2238045679565985,20.701442906571394
ID004,KIB,5,True,1620,180.0,8.994444444444444,ok,4.072222222222222,6.229220833496012,20.42806860399018
ID005,ZEN,1,True,1620,180.0,8.994444444444444,ok,3.7111111111111112,5.145609343148295,10.032751275233736
ID005,ZEN,2,True,1620,180.0,8.994444444444444,ok,3.75,5.177391566934956,10.611734138920983
ID005,ZEN,3,True,1620,180.0,8.994444444444444,ok,3.9,5.182144345952241,10.830105607743825
ID005,ZEN,4,True,1620,180.0,8.994444444444444,ok,4.055555555555555,5.111658981006108,10.24806308564133
ID005,ZEN,5,True,1620,180.0,8.994444444444444,ok,3.95,5.178948431961752,12.059509183778898
ID005,KOK,1,True,1620,180.0,8.994444444444444,ok,4.044444444444444,5.750055285184437,14.47565352369388
ID005,KOK,2,True,1620,180.0,8.994444444444444,ok,4.022222222222222,5.403032331666263,15.267694161919128
ID005,KOK,3,True,1620,180.0,8.994444444444444,ok,4.588888888888889,5.152017133207397,15.206038172348295
ID005,KOK,4,True,1620,180.0,8.994444444444444,ok,4.027777777777778,5.295139449154082,15.274662128879257
ID005,KOK,5,True,1620,180.0,8.994444444444444,ok,3.772222222222222,5.417715134724747,15.401331894648132
ID005,KIB,1,True,1620,180.0,8.994444444444444,ok,4.0,5.343794157559869,17.114934717917347
ID005,KIB,2,True,1620,180.0,8.994444444444444,ok,4.016666666666667,5.255658681712378,18.788261638001014
ID005,KIB,3,True,1620,180.0,8.994444444444444,ok,3.9444444444444446,5.900035471577014,17.750467887048988
ID005,KIB,4,True,1620,180.0,8.994444444444444,ok,3.966666666666667,5.432764889518177,19.233102013717943
ID005,KIB,5,True,1620,180.0,8.994444444444444,ok,3.7777777777777777,5.072114351510041,19.86100966848029
ID006,ZEN,1,True,1620,180.0,8.994444444444444,ok,3.7555555555555555,4.6082822572187405,7.238672353765374
ID006,ZEN,2,True,1620,180.0,8.994444444444444,ok,4.027777777777778,4.8561093591328035,7.072776520156804
ID006,ZEN,3,True,1620,180.0,8.994444444444444,ok,4.15,5.1617219811873225,7.002321694354776
ID006,ZEN,4,True,1620,180.0,8.994444444444444,ok,3.966666666666667,4.504884419182045,6.816158332472933
ID006,ZEN,5,True,1620,180.0,8.994444444444444,ok,4.033333333333333,4.816088911199397,6.555482523298811
ID006,KOK,1,True,1620,180.0,8.994444444444444,ok,4.066666666666666,4.858277500421677,18.28909480499829
ID006,KOK,2,True,1620,180.0,8.994444444444444,ok,4.161111111111111,5.006973517846139,17.827499882062856
ID006,KOK,3,True,1620,180.0,8.994444444444444,ok,4.033333333333333,4.628754946588818,17.28765486380197
ID006,KOK,4,True,1620,180.0,8.994444444444444,ok,3.911111111111111,4.7978823385484946,17.833382074918124
ID006,KOK,5,True,1620,180.0,8.994444444444444,ok,3.7111111111111112,4.564549675349392,18.396772024899356
ID006,KIB,1,True,1620,180.0,8.994444444444444,ok,3.988888888888889,5.433393482569225,11.838331998060928
ID006,KIB,2,True,1620,180.0,8.994444444444444,ok,4.072222222222222,4.969634430815814,11.99833972270783
ID006,KIB,3,True,1620,180.0,8.994444444444444,ok,4.111111111111111,5.170938555913329,11.70857304817575
ID006,KIB,4,True,1620,180.0,8.994444444444444,ok,3.683333333333333,4.925599302573081,11.965264675590756
ID006,KIB,5,True,1620,180.0,8.994444444444444,ok,4.055555555555555,4.99343530014443,11.898579796685947
ID006,STATIC,1,True,360,180.0,1.9944444444444445,ok,,,
ID007,ZEN,1,True,1620,180.0,8.994444444444444,ok,3.8777777777777778,6.164504784355476,8.675762443456765
ID007,ZEN,2,True,1620,180.0,8.994444444444444,ok,3.9,5.907086548217274,7.8664900258795
ID007,ZEN,3,True,1620,180.0,8.994444444444444,ok,3.5944444444444446,6.16178196499637,8.148766623712133
ID007,ZEN,4,True,1620,180.0,8.994444444444444,ok,3.65,6.083753966469075,7.204813923599133
ID007,ZEN,5,True,1620,180.0,8.994444444444444,ok,3.8722222222222222,5.813713743333689,8.310354490606075
ID007,KOK,1,True,1620,180.0,8.994444444444444,ok,4.072222222222222,5.634078667256219,20.484180655389782
ID007,KOK,2,True,1620,180.0,8.994444444444444,ok,3.966666666666667,5.7234587582308825,20.50378504762178
ID007,KOK,3,True,1620,180.0,8.994444444444444,ok,3.6277777777777778,5.755434798923702,20.008673725452606
ID007,KOK,4,True,1620,180.0,8.994444444444444,ok,3.5722222222222224,5.693591895105723,20.368805288102212
ID007,KOK,5,True,1620,180.0,8.994444444444444,ok,3.772222222222222,5.754419850134,19.75788810635647
ID007,KIB,1,True,1620,180.0,8.994444444444444,ok,3.727777777777778,5.287890346903723,8.53846177361727
ID007,KIB,2,True,1620,180.0,8.994444444444444,ok,3.977777777777778,5.118159198493877,8.914021916227984
ID007,KIB,3,True,1620,180.0,8.994444444444444,ok,3.5722222222222224,5.085632038899,9.223242626065668
ID007,KIB,4,True,1620,180.0,8.994444444444444,ok,3.827777777777778,5.145810452940196,9.69186985581979
ID007,KIB,5,True,1620,180.0,8.994444444444444,ok,3.672222222222222,5.292369724964399,8.914189373288872
ID007,STATIC,1,True,360,180.0,1.9944444444444445,ok,,,
ID008,ZEN,1,True,1620,180.0,8.994444444444444,ok,3.8555555555555556,5.392799323446911,7.996464933898481
ID008,ZEN,2,True,1620,180.0,8.994444444444444,ok,3.577777777777778,5.5345581636165795,8.055543489307293
ID008,ZEN,3,True,1620,180.0,8.994444444444444,ok,3.922222222222222,5.592708744443458,8.327000963403203
ID008,ZEN,4,True,1620,180.0,8.994444444444444,ok,3.8444444444444446,5.538531938672917,8.690724607090136
ID008,ZEN,5,True,1620,180.0,8.994444444444444,ok,3.861111111111111,5.77460603358317,8.948145219465296
ID008,KOK,1,True,1620,180.0,8.994444444444444,ok,3.827777777777778,5.720106742171031,16.68253872295569
ID008,KOK,2,True,1620,180.0,8.994444444444444,ok,4.188888888888889,5.42963033995514,16.64402046356572
ID008,KOK,3,True,1620,180.0,8.994444444444444,ok,4.35,5.45786864112507,16.85444008211172
ID008,KOK,4,True,1620,180.0,8.994444444444444,ok,3.977777777777778,5.845397892083056,16.728063625472576
ID008,KOK,5,True,1620,180.0,8.994444444444444,ok,4.288888888888889,5.84919224828008,16.42330690324349
ID008,KIB,1,True,1620,180.0,8.994444444444444,ok,3.811111111111111,5.7415557644028015,9.689144619193357
ID008,KIB,2,True,1620,180.0,8.994444444444444,ok,4.038888888888889,5.530135274137036,9.549258430675591
ID008,KIB,3,True,1620,180.0,8.994444444444444,ok,3.7944444444444443,5.367225724909438,10.256716143353179
ID008,KIB,4,True,1620,180.0,8.994444444444444,ok,3.9166666666666665,5.29596504775632,9.211687018383818
ID008,KIB,5,True,1620,180.0,8.994444444444444,ok,3.9444444444444446,5.555580654455057,9.729922080145212
ID008,STATIC,1,True,360,180.0,1.9944444444444445,ok,,,
ID009,ZEN,1,True,1620,180.0,8.994444444444444,ok,4.283333333333333,6.126357245764178,6.268462077393038
ID009,ZEN,2,True,1620,180.0,8.994444444444444,ok,4.205555555555556,5.579763222525674,6.17771182294205
ID009,ZEN,3,True,1620,180.0,8.994444444444444,ok,4.011111111111111,5.745665640948954,5.479938857676792
ID009,ZEN,4,True,1620,180.0,8.994444444444444,ok,4.177777777777778,5.914614286984566,5.721999560827204
ID009,ZEN,5,True,1620,180.0,8.994444444444444,ok,4.061111111111111,5.501861352995294,5.652946978750281
ID009,KOK,1,True,1620,180.0,8.994444444444444,ok,4.122222222222222,5.609380238758758,11.979698083924433
ID009,KOK,2,True,1620,180.0,8.994444444444444,ok,3.727777777777778,5.584760046298768,12.92711421700405
ID009,KOK,3,True,1620,180.0,8.994444444444444,ok,4.066666666666666,5.404756561404081,12.777940331015257
ID009,KOK,4,True,1620,180.0,8.994444444444444,ok,3.9277777777777776,5.326572396241679,12.812671648612467
ID009,KOK,5,True,1620,180.0,8.994444444444444,ok,4.4222222222222225,5.923884356884889,13.161584470918275
ID009,KIB,1,True,1620,180.0,8.994444444444444,ok,4.094444444444444,5.305097861579729,11.109404635218954
ID009,KIB,2,True,1620,180.0,8.994444444444444,ok,4.222222222222222,5.016990570096058,11.18795542726235
ID009,KIB,3,True,1620,180.0,8.994444444444444,ok,4.155555555555556,4.963904575439376,11.108295925026548
ID009,KIB,4,True,1620,180.0,8.994444444444444,ok,4.188888888888889,4.987061384584719,10.035066045741134
ID009,KIB,5,True,1620,180.0,8.994444444444444,ok,4.011111111111111,5.016235812863292,11.155816929340407
ID009,STATIC,1,True,360,180.0,1.9944444444444445,ok,,,
ID010,ZEN,1,True,1620,180.0,8.994444444444444,ok,4.072222222222222,6.977865965524343,11.131569771220985
ID010,ZEN,2,True,1620,180.0,8.994444444444444,ok,4.188888888888889,6.823413432437996,11.656313166829065
ID010,ZEN,3,True,1620,180.0,8.994444444444444,ok,4.0055555555555555,6.894632334771347,11.943556232422267
ID010,ZEN,4,True,1620,180.0,8.994444444444444,ok,4.088888888888889,6.787009942120888,11.744258013610583
ID010,ZEN,5,True,1620,180.0,8.994444444444444,ok,4.233333333333333,6.646078923189373,11.50040635712331
ID010,KOK,1,True,1620,180.0,8.994444444444444,ok,4.088888888888889,6.29525182094092,14.309814399771113
ID010,KOK,2,True,1620,180.0,8.994444444444444,ok,4.1,5.919528288552497,14.784948120883598
ID010,KOK,3,True,1620,180.0,8.994444444444444,ok,4.0055555555555555,6.0661079832785845,14.502872179231092
ID010,KOK,4,True,1620,180.0,8.994444444444444,ok,3.911111111111111,5.766113148815437,14.481688077163966
ID010,KOK,5,True,1620,180.0,8.994444444444444,ok,3.938888888888889,6.093750960496526,14.69045389769721
ID010,KIB,1,True,1620,180.0,8.994444444444444,ok,3.688888888888889,6.180035904058868,13.385749503262886
ID010,KIB,2,True,1620,180.0,8.994444444444444,ok,3.816666666666667,5.897775191790987,13.549081392757744
ID010,KIB,3,True,1620,180.0,8.994444444444444,ok,4.044444444444444,5.792485938189325,13.717559834069313
ID010,KIB,4,True,1620,180.0,8.994444444444444,ok,3.9722222222222223,6.157746977904962,13.59035384481151
ID010,KIB,5,True,1620,180.0,8.994444444444444,ok,3.761111111111111,5.5989348017827565,12.93393606404374
ID010,STATIC,1,True,360,180.0,1.9944444444444445,ok,,,
ID011,ZEN,1,True,1620,180.0,8.994444444444444,ok,3.9166666666666665,5.71009233409512,13.648783750406801
ID011,ZEN,2,True,1620,180.0,8.994444444444444,ok,3.922222222222222,6.39951265609515,13.046814386757818
ID011,ZEN,3,True,1620,180.0,8.994444444444444,ok,3.838888888888889,6.540674312313211,13.098990150027669
ID011,ZEN,4,True,1620,180.0,8.994444444444444,ok,4.055555555555555,6.847403306591871,13.278083561026996
ID011,ZEN,5,True,1620,180.0,8.994444444444444,ok,4.322222222222222,6.3760484184893444,13.05054665923819
ID011,KOK,1,True,1620,180.0,8.994444444444444,ok,3.4833333333333334,5.960599517323172,18.81947582876621
ID011,KOK,2,True,1620,180.0,8.994444444444444,ok,4.105555555555555,6.2228333208367195,17.246581206016973
ID011,KOK,3,True,1620,180.0,8.994444444444444,ok,4.955555555555556,6.011874274245882,18.179923383882862
ID011,KOK,4,True,1620,180.0,8.994444444444444,ok,3.911111111111111,6.3022882691551745,17.331134866155317
ID011,KOK,5,True,1620,180.0,8.994444444444444,ok,3.5277777777777777,5.953233968802778,18.141848544655314
ID011,KIB,1,True,1620,180.0,8.994444444444444,ok,4.188888888888889,5.690892010531844,19.67136597367421
ID011,KIB,2,True,1620,180.0,8.994444444444444,ok,4.388888888888889,6.11904495135473,19.352661350372976
ID011,KIB,3,True,1620,180.0,8.994444444444444,ok,3.7777777777777777,5.768035480699141,20.33544780234329
ID011,KIB,4,True,1620,180.0,8.994444444444444,ok,3.9055555555555554,5.531488020299404,20.23557036442843
ID011,KIB,5,True,1620,180.0,8.994444444444444,ok,4.25,5.713936223533156,18.691294085954485
ID011,STATIC,1,True,360,180.0,1.9944444444444445,ok,,,
ID012,ZEN,1,True,1620,180.0,8.994444444444444,ok,4.061111111111111,6.142412617992453,10.347562689400752
ID012,ZEN,2,True,1620,180.0,8.994444444444444,ok,4.0777777777777775,6.452581440094761,10.654056263715406
ID012,ZEN,3,True,1620,180.0,8.994444444444444,ok,4.072222222222222,6.386167382286813,10.197001274719169
ID012,ZEN,4,True,1620,180.0,8.994444444444444,ok,3.922222222222222,6.332379877546589,11.211769044863242
ID012,ZEN,5,True,1620,180.0,8.994444444444444,ok,3.9166666666666665,6.34098504026131,11.431836924976816
ID012,KOK,1,True,1620,180.0,8.994444444444444,ok,4.294444444444444,5.811108733670994,16.937604456381493
ID012,KOK,2,True,1620,180.0,8.994444444444444,ok,4.177777777777778,6.022937468835258,17.282156262011572
ID012,KOK,3,True,1620,180.0,8.994444444444444,ok,4.427777777777778,5.792378362124107,16.91083166809628
ID012,KOK,4,True,1620,180.0,8.994444444444444,ok,3.8444444444444446,5.66249790524512,17.649926847992937
ID012,KOK,5,True,1620,180.0,8.994444444444444,ok,4.038888888888889,5.977356151974796,16.8827518503917
ID012,KIB,1,True,1620,180.0,8.994444444444444,ok,4.122222222222222,6.0645228963431235,12.437540683821009
ID012,KIB,2,True,1620,180.0,8.994444444444444,ok,3.938888888888889,5.948060571946446,12.258000611273712
ID012,KIB,3,True,1620,180.0,8.994444444444444,ok,4.055555555555555,5.854252854195121,12.560615784147958
ID012,KIB,4,True,1620,180.0,8.994444444444444,ok,4.016666666666667,5.864730265055664,13.598454146873234
ID012,KIB,5,True,1620,180.0,8.994444444444444,ok,4.1,6.123620568134983,13.975755796232676
ID012,STATIC,1,True,360,180.0,1.9944444444444445,ok,,,
ID013,ZEN,1,True,1620,180.0,8.994444444444444,ok,4.183333333333334,4.855732576178408,11.726742409521346
ID013,ZEN,2,True,1620,180.0,8.994444444444444,ok,3.9944444444444445,5.739603648511605,11.329326407218728
ID013,ZEN,3,True,1620,180.0,8.994444444444444,ok,4.283333333333333,5.7191597199690865,11.292081582990397
ID013,ZEN,4,True,1620,180.0,8.994444444444444,ok,4.038888888888889,6.106890828083599,10.961517440764137
ID013,ZEN,5,True,1620,180.0,8.994444444444444,ok,4.194444444444445,5.9937980356156695,11.215921117221946
ID013,KOK,1,True,1620,180.0,8.994444444444444,ok,4.488888888888889,5.483997339113399,13.030610787543713
ID013,KOK,2,True,1620,180.0,8.994444444444444,ok,4.022222222222222,5.69387368626323,13.501629169285515
ID013,KOK,3,True,1620,180.0,8.994444444444444,ok,4.05,6.417700118106682,12.436050531717825
ID013,KOK,4,True,1620,180.0,8.994444444444444,ok,3.966666666666667,5.902934151766686,13.740131020049148
ID013,KOK,5,True,1620,180.0,8.994444444444444,ok,3.8444444444444446,6.25361611204507,12.174397908367945
ID013,KIB,1,True,1620,180.0,8.994444444444444,ok,4.522222222222222,5.712322745865735,13.506867526189787
ID013,KIB,2,True,1620,180.0,8.994444444444444,ok,4.1722222222222225,6.083572434166321,13.30153548338085
ID013,KIB,3,True,1620,180.0,8.994444444444444,ok,4.277777777777778,5.882795090076558,13.1549059485026
ID013,KIB,4,True,1620,180.0,8.994444444444444,ok,4.205555555555556,5.496458534674234,13.940155314043244
ID013,KIB,5,True,1620,180.0,8.994444444444444,ok,4.166666666666667,5.864368231598517,13.071596784850808
ID013,STATIC,1,True,360,180.0,1.9944444444444445,ok,,,
ID014,ZEN,1,True,1620,180.0,8.994444444444444,ok,4.216666666666667,7.798053056704656,6.429522040465054
ID014,ZEN,2,True,1620,180.0,8.994444444444444,ok,3.888888888888889,7.604532063758253,6.614016103617855
ID014,ZEN,3,True,1620,180.0,8.994444444444444,ok,3.977777777777778,7.7948910232293915,6.571858057223277
ID014,ZEN,4,True,1620,180.0,8.994444444444444,ok,4.127777777777778,7.878868725552089,6.4237727405972835
ID014,ZEN,5,True,1620,180.0,8.994444444444444,ok,3.888888888888889,7.762179488335668,6.156220948765684
ID014,KOK,1,True,1620,180.0,8.994444444444444,ok,4.322222222222222,6.726740536797114,16.188433077033253
ID014,KOK,2,True,1620,180.0,8.994444444444444,ok,3.9833333333333334,6.76161767028034,15.826127199753008
ID014,KOK,3,True,1620,180.0,8.994444444444444,ok,3.9166666666666665,6.734261705214634,15.836074664479554
ID014,KOK,4,True,1620,180.0,8.994444444444444,ok,4.033333333333333,7.0260413065511225,15.669654840783625
ID014,KOK,5,True,1620,180.0,8.994444444444444,ok,4.088888888888889,6.976827324200454,15.510387561339634
ID014,KIB,1,True,1620,180.0,8.994444444444444,ok,3.938888888888889,7.127598391207529,10.167272966985312
ID014,KIB,2,True,1620,180.0,8.994444444444444,ok,3.988888888888889,7.05169949661539,10.33539076110083
ID014,KIB,3,True,1620,180.0,8.994444444444444,ok,4.166666666666667,7.166735971048914,10.533374113861735
ID014,KIB,4,True,1620,180.0,8.994444444444444,ok,3.7944444444444443,7.381739591164079,10.401009041227486
ID014,KIB,5,True,1620,180.0,8.994444444444444,ok,4.177777777777778,7.121394337644225,10.585711496253111
ID014,STATIC,1,True,360,180.0,1.9944444444444445,ok,,,
